,SEQ,SUBSTRATES,Rate
0,MDQSNRYADLSLNEADLIAGGKHLLVAYKLIPAKGYGFLEVAAHIAAESSTGTNVEVSTTDDFTRGVDALVYDIDETAFGDNGVTGGGLMKVAYPVELFDPNLIDGNYNVSHMWSLILGNNQGMGDHVGLRMLDFMVPECMIRKFDGPSTGIADLWKVLGRPEVDGGYISGTIIKPKLGLRPEPFAKACLDFWLGGDFIKNDEPQANQPFCPMKVVIPKVAEAMDRAQQETGNAKLFSANATADFHGECIARGEYILSEFAKYGNESHVAFLIDGFVTGPAGVTTARRAFPDTFLHFHRAGHGAVTSYKSPMGMDPLCYMKLARLQGASGIHTGTMGYGKMEGHGKETVLAYMIERDECMGHYFNQKWYGMKPTAPIISGGMNALRLPGFFENLGHGNVINTCGGGAFGHIDSPASGGISLDQAYNCWKSGADPIEFAKTHPEFARAFESFPGDADKIYPDWREKLGVHK,C(=O)=O,13.1
1,MDQSNRYANLDLKEEDLIAGGKHFLVAYKLIPAKGFGFLEVAAHVAAESSTGTNVEVSTTDDFTRGVDALVYEVDETAFGNDPVKGGGLMKIAYPVELFDPNLSDGVFNVSHMWSLILGNNQGMGDHEGLRMLDFLVPECMVKKFDGPATNISDMWKTMGRPEVDGGYIAGTIIKPKLGLRPEPFARACYEFWLGGTFIKNDEPQANQPFCPMETVIPLVAQTMDRAQQETGEVKIFSANVTADFHGEMIKRGEFILGEFAKYGNEKHVAFLVDGFVTGPAGVTTCRRAFPETFLHFHRAGHGAVTSYKSPMGMDPLCYMKLARLSGASGIHTGTMGYGKMEGHSGETVLAYMLERDECQGPYFYQKWYGMKATTPIISGGMNALRLPGFFENLGHANVINTCGGGAFGHIDSPAAGGKSLDQAYDCWKTGADPIEYAKTHPEFARAFESFPKDADRIFPDWREKLGVHK,C(=O)=O,12.7
2,MDQSNRYANLNLKEEDLIKNGKHLLVAYKLIPAKGHGFLEVAAHVAAESSTGTNVEVSTTDDFTRGVDALVYEIDETAFGDDPVKGGGLFKVAYPVELFDPNLTDGTYNISHMWSLILGNNQGMGDHQGLRMLDFLVPEMMVRKFDGPSANISNLWKVLGRSETDGGYIAGTIIKPKLGLRPEPFAKACYDFWLGGDFIKNDEPQANQPFCPMEVVMPKVAEAMDRAQQATGQAKLFSANITADYYKEMIHRGDFVLETFAKYNSASHVAFLVDGFVTGPAGVTTARREFPDTFLHFHRAGHGAVTSYKSPMGMDPLCYMKLVRLMGASGMHTGTMGYGKMEGHGKETVLAYMLERDECQGPYFYQKWYGMKATTPIISGGMNALRLPGFFQNLGHGNVINTCGGGAFGHIDSPAAGGISLGQAYDCWKSGSDPIEYAKTHKEFARAFESFPKDGDKLFAGWREKLGVHK,C(=O)=O,12.2
3,MDQSNRYANLNLKEADLIAGGKHLLVAYKLIPAKGYGFLEVAAHVAAESSTGTNVEVSTTDDFTRGVDALVYEIDETAFGDDPVKGGGLMKIAYPVDLFDPNLIDGYYNVSHMWSLILGNNQGMGDHVGLRMLDFLVPECMVKKFDGPSAGIADLWRVLGRPEVDGGYIAGTIIKPKLGLRPDPFAKACYDFWLGGDFIKNDEPQANQVFCPMEVVIPKVVQAMDKAQQETGQAKLFSANVTADFHGEMIKRGEYILGEFAKIGSEKHVAFLVDGFVTGPAGVTTARRAFPDTFLHFHRAGHGAVTSYKSPMGMDPLCYMKLSRLMGASGIHTGTMGYGKMEGHAKETVLAYMLERDECQGPYFYQKWYGMKPTAPIISGGMNALRLPGFFQNLGHGNVINTCGGGSFGHIDSPAAGGISLGQAYECWKSGTDPIEYAKTHKEFARAFESFPKDADKYFAGWREKLGVHK,C(=O)=O,11.9
4,MDQSSRYANLALTEEALIEGGRHVLCAYTMKPKAGYGDYLSTAAHFAAESSTGTNVEVCTTDDFTKGVDALVYEIDEAKELMKIAYPVELFDRNIIDGRAMIASFLTLTIGNNQGMGDVEYAKMHDFYVPPAYLRLFDGPMMNIQDMWRVLDRPVVNGGMVVGTIIKPKLGLRPQPFADACHQFWLGGDFIKNDEPQGNQVFAPLKDTMKAVADAMRRAQDETGEAKLFSANITADDPAEMIARGEFILETFAENADHVAFLVDGYVAGPTSVTTARRNFPHQFLHFHRAGHGAVTSPQSQRGYTSFVHCKMTRLQGASGMHTGTMGYGKMEGDAADKAIAFMLEQDSADGPYFHQEWLGMKSTTPIISGGMNALRLPGFFDNLGHSNVIQTSGGGAFGHKDGGTAGAKSLRQAQDAWMKGVKLTEYAKDHAELKGAFESFQADADRFYPNWRDELGVK,C(=O)=O,11.7
5,MDQSNRYADLTLTEEKLVADGNHLLVAYRLKPAAGYGFLEVAAHVAAESSTGTNVEVSTTDDFTRGVDALVYEIDEAAFGDKGGLMKIAYPVDLFDPNLIDGHYNVSHMWSLILGNNQGMGDHEGLRMLDFLVPEKMVKRFDGPATDISDLWKVLGRPEVDGGYIAGTIIKPKLGLRPEPFAKACYDFWLGGDFIKNDEPQANQNFCPMEVVIPKVAEAMDRAQQATGQAKLFSANVTADFHEEMIKRGEYVLGEFAKYGNEKHVAFLVDGFVTGPAGVTTSRRAFPDTYLHFHRAGHGAVTSYKSPMGMDPLCYMKLARLMGASGIHTGTMGYGKMEGHNDERVLAYMLERDECQGPYFYQKWYGMKPTTPIISGGMNALRLPGFFENLGHGNVINTCGGGSFGHIDSPAAGGISLGQAYDCWKTGADPIEYAKEHPEFARAFESFPGDADKIFPGWREKLGVHK,C(=O)=O,11.3
6,MDQSNRYADLSLKEEDLISGGKHILVAYKMKPKAGHGYLEAAAHFAAESSTGTNVEVSTTDDFTKGVDALVYHIDEATEDMRIAFPLELFDRNVTDGRMMIVSFLTLVIGNNQGMGDIEHGQMIDFFMPPRAIQLFDGPAKDISDLWRILGRPIKDGGYIAGTIIKPKLGLRPEPFAAAAYQFWLGGDFIKNDEPQGNQVFAPVKKTIPLVYDAMKRAMDETGEAKLFSMNITADDHYEMCARADFALETFGPDADKLAFLVDGFVGGPGMITTARRQYAGQYLHYHRAGHGMITSPSAKRGYTAFVLAKMSRLQGASGIHVGTMGYGKMEGGADDRNIAYMIERDSCDGPVYHQEWYGMKPTTPIISGGMNALRLPGFFENLGHGNVINTAGGGSYGHIDSPAAGAVSLRQAYECWKAGADPIEYAREHKEFARAFESFPGDADKLYPGWREKLGVHR,C(=O)=O,10.3
7,MDQSARYADLSLKEDDLIKGGKHVLCAYTMQPAAGYGYLEVAAHIAAESSTGTNVEICTTDDFTKGVDALVYYCNEAEGVIKIAYPMDLFDRNLTDGRTMIVSFLTLCIGNNQGMGDCKNLQMQDFYMPERMLQLFDGPQKDISDMWRILGRPVKDGGYIAGTIIKPKLGLRPEPFAKAAYQFWLGGDFIKNDEPQGNQVFCPMKKVMPLVVDAMRRAEDETGQAKLFSANITADCHDEMIARGEYILETFGPDADKCALLVDGYVGGPGMVTTARRHFADQYLHYHRAGHGAVTSPSSVRGYTALVLSKMSRLQGASGIHVGTMGFGKMEGGADDRIIAYMIEQDSADGTYYHQEWYGMKPTTPIISGGMNALRLPGFFENLGHGNVINTSGGGSYGHIDSPAAGATSLRRGI,C(=O)=O,10.0
8,MDQSNRYANLDLKEEDLINGGRHMLVAYRMKPAPGYGFLEVAAHIAAESSTGTNVEVSTTDDFTRGVDALVYEIDETAFGDQGGLLKIAYPVELFDHNLIDDKHPVSHMWSLVLGNNQGMGDHLGLRMLDFYLPEVMVRNFDGPATNIEDMWRVLGRPTKDGGYIAGTIIKPKLGLRPEPFAKACYDFWLGGTFIKNDEPQANQTFAPMKKVIPLVAEAMDRAQQETGEAKLFSANITADFFGEMIARGEYILNEFAKYGNEDHVAFLVDGFVTGPAGVATARHYFPKTFLHFHRAGHGALTSYKSPMGMDPLCYMKLARLQGASGIHTGTMGYGKMEGHSDERVLAYMLERDECQGPYFYQKWYGMKATTPIISGGMNALRLIGFFENLGHANVINTCGGGSFGHIDGPAAGGKSLDQAYQCWKEGADPIEFAKEHKEFARAFESFPWDADKLFPGWREKLGVHK,C(=O)=O,9.7
9,MALDQSSRYADLNLKEEDLIAGGKHILCAYKMKPKAGTGYLEAAAHFAAESSTGTNVEVCTTDEFTKGVDALVYYIDEATEDMRIAYPMELFDRNVTDGRMMLVSFLTLTIGNNQGMGDIEHAKMIDFHVPPEAIRQFDCPAYNIEDLWRILGRSTKDGGYIAGTIIKPKLGLRPEPFAHAAYQFWLGGDFIKNDEPQGNQVFAPIKKVMPLVYDAMKRAMDETGQAKLFSMNITADDHYEMCARADFALETFGADANKLAFLVDGFVGGPGMVTTARRQYPNQFLHYHRAGHGMVTSPSAKRGYTAFVLAKMSRLQGASGIHVGTMGYGKMEGEGDDKVIAYMIERNECQGPVYFQKWDGIRATTPIISGGMNALRLPGFFQNLGHGNVINTAGGGAYGHIDSPAAGAISLRQSYECWKAGADPIEWAKEHKEFARAFESFPFDADKIFPGWREKLGVHK,C(=O)=O,9.4
10,MALDQSKRYADLSLKEADLIAGGKHILCAYTMKPKAGYGYLEAAAHFAAESSTGTNVEVCTTDDFTKGVDALVYYIDESREEMRIAYPLDLFDRNMTDGRMMMVSFLTLTIGNNQGMGDIEYAKMIDFWVPPRAIQLFDGPSKNISDLWRILGRPVEDGGYIAGTIIKPKLGLRPEPFAEAAYQFWLGGDFIKNDEPQGNQTFAPVKQVMPLVYDAMKRAMDETGEAKLFSMNITADDHFEMCARADFALETFGPDADKLAFLVDGYVGGPGMVTTARRQYPDQYLHYHRAGHGAITSPSSKRGYTAFVLAKMSRLQGASGIHVGTMGYGKMEGESDDRIIAYMIERDACEGPIYYQEWYGMKATTPIISGGMNALRLPGFFKNLGHGNIINTAGGGSYGHIDSPAAGAKSLRQAYECWKAGADPIEYAKEHKEFARAFASFEHDADKLFPGWREQLGSIALEK,C(=O)=O,8.9
11,MDQSSRYARLDLNEGDLIRGGRHVLCAYLMKPREGFGDYLSTAAHFAAESSTGTNVEVSTTDDFTRGVDALVYEIDEAKELMKIAYPIELFDRNIKDGRAMIASFLTLTIGNNQGMGDVEYAKMLDFYMPPALLNLFDGPAMNIRDMWKVLGRDVDNGGMVVGTIIKPKLGLRPQPFADACHQFWLGGDFIKNDEPQGNQVFCPLKEVIPAVADAMRRAQDETGEAKLFSANITADDPFEMIARGEYILEQFGENASHVAFLVDGYVAGPSAVTTCRRYFPNQFLHYHRAGHGAVTSPQAKRGYNTLVHMKMSRLQGASGIHTGTMGFGKMEGAPEDKLLAHMLENEESEGLFYHQKWYGMMPTTPIISGGMNALRLPGFFDNLGHCNVIQTSGGGAFGHKDGPVAGALSLRQARDAWMAGIDLVDYAKDHAELRGAFQTFHWDADKLFPGWRQRLGL,C(=O)=O,8.9
12,MDQSNRYADLSLKEEDLIEGGKHILVAYKMKPVDGVGYLEAAAHFAAESSTGTNVEVSTTDDFTKGVDALVYHIDEETEDMRIAYPMELFDRNVTDGRMLLVSFLTLVIGNNQGMGDIAYGQMIDFYMPPRAIQLFDGPAKDISDLWRILGRPVENGGYIAGTIIKPKLGLRPEPFAEAAYQFWLGGDFIKNDEPQGNQVFAPVKKVIPLVADAMKRAQDETGEAKLFSMNITADDHYEMCARADFALETFGEDADKVAFLVDGFVGGPGMVTTARRQYPNQYLHYHRAGHGMITSPSSKRGYTAYVLAKMSRLQGASGIHVGTMGYGKMEGAADDKIIAYMIERDECQGPVYYQKWYGMKPTTPIISGGMNALRLPGFFENLGHANVINTAGGGSYGHIDSPAAGAISLRQAYECWKEGADPIEFAKEHKEFARAFESFPHDADAIFPGWREKLGVHK,C(=O)=O,8.8
13,MDQSARYVNLDLKEDALIAGGQHVLCAYIMRPKAGYGFVETAAHFAAESSTGTNVEVCTTDDFTKGVDALVYEVDEASELMKIAYPIDLFDRNITDGKAMIASFLTLTIGNNQGMGDVEYAKMHDFYVPPAYLSLFDGPSVNIGALWKVLGRPEVNGGLVVGTIIKPKLGLRPQPFAAACEAFWRGGDFIKNDEPQGNQPFAPFKETIRLVADAMARVQDETGQAKLFSANITADDPFEIIARGEYVLETFGANAGHVALLVDGYVAGPTAVTTARRRFPNTFLHYHRAGHGAVTSPQSKRGYTAFVLSKMARLQGASGIHTGTMGFGKMEGDPSDRAMAFMLEQDVAQGPYYKQAWDGMKACTPIISGGMNAIRLPGFFANLGHANVIQTSGGGCFGHLDGPAAGARSLRQAWEAWSQGVDLVTYAKEHRELARALESFQADANARYPGWQAALGL,C(=O)=O,8.4
14,MDQSNRYADLSLKEDDLIKGGNHVLVAYLMKPKTGYGYLEAAAHFSAESSTGTNVEVSTTDDFTKGVDALVYEIDEAKEIMKIAYPVDLFDRNITDGRAMIVSFLTLAIGNNQGMGDIAYAKMLDFYVPQKYLRLFDGPSKDISDLWRILGRPVVNGGYIAGTIIKPKLGLRPKPFAEAAYQFWLGGDFIKNDEPQGNQVFSPMRETIPLVYDSMKRAMDETGEAKLFSANITADDHYEMMARGEFILNTFGPDADKVAFLVDGYVGGPGMVTTARRHFANQYLHYHRAGHGAVTSPSAKRGYTAFVLAKMSRLQGASGIHVGTMGYGKMEGDATDKNIAYMIERDSADGPFYHQEWYGMKPTTPIISGGMNALRLPGFFENLGHANLINTSGGGSYGHIDSPAAGAISLRQAYECWQQGADPIEFAKEHKEFARAFESFPGDADTIFPGWREKLGVHK,C(=O)=O,8.4
15,MQKEYINLKLKNPESGEYLLSVFHLIPEKGRDILDAASEVAAESSTGSNVKVTATKFASSLDAQVYKVDRKKNLVWIAFPLRIFDRGGNVQNILTYIAGNIFGMAQVQALRLLDVWFPKAMLKKYDGPKTSIKELRKYLNVYDRPILGTIIKPKIGLKTHEFAEKAYQFWAGGGDFVKHDEPQADQDFCPYMKTVDAIRKAMNRAEDETGRHKMHSFNISSSDFDTMKRRAEYIIKKMRPGSFCFLVDGITAGWMALQTARRLWPNVFLHFHRAGHGAMTRLENPIGYSVLVMTKFGRLAGSSGIHTGTAGIGKMAGTKEEDVTAAHMALLPKVKGLFFEQDWYGMKGTVSIASGGLNPTKLKAYIEAIGHTDFITTMGGGVHAHPGGTKMGARALIQACEAWQKKVSIQKYAKDHLELAQAIEFYTKKGE,C(=O)=O,8.4
16,MALDQSSRYSDLSLKEDELMAAGKHILVAYKMKPKAGHGYLEAAAHFAAESSTGTNVEVCTTDDFTKGVDALVYYIDEATEDMRIAYPLDLFDRNVIDGRMMIVSFLTLAIGNNQGMGDIEHAKMIDFFVPERAIQLFDGPSKDISDMWRILGRPVKDGGYIAGTIIKPKLGLRPEPFAHAAYQFWLGGDFIKNDEPQGNQVFAPMKKVMPLVADAMKRAQDETGQAKIFSANITADDHYEMCARADYILETFGPDADKVAFLVDGYVGGPGMVTTARRQYPNQYLHYHRAGHGAVTSPSAKRGYTAFVLAKMSRLQGASGIHVGTMGYGKMEGEADDRIIAYMIERDECQGPVYFQKWYGMKPTTPIISGGMNALRLPGFFANLGHGNVINTSGGGSYGHIDSPAAGATSLRQAYECWKSGADPIEFAKSHREFARAFESFPNDADKLFPGWREKLGVHK,C(=O)=O,8.2
17,MFTDKQLRAVLFIGLLAIARAHDMGFQNVAFSRGTLLRNSRKAVQSLDSGVQSNCVRICGERCVRMGLDQSNRYAKLDLDEETLIKEQQHVLVAYKMRPKYPIAVDYVSTAAHFAAESSTGTNVNVCTTDDHTMSVDAVVYEVDEDEELMKIAYPVKLFDRNITDGRAMVCSILTLVIGNNQGMGDVEYGKIHDIFIPPNFLRLFDGPAVDIRHMWRVLGRETDDYDPIVGKTEWNGGFVVGTIIKPKLGLRPKEFAEAAYQFRLGGDFLKNDEPQGNQTFCPMRTVIPIVVEAMKRAMAETGRRVFFSANITADDPDEMIARGKYVLGQFDHLAEQVSLLVDGYVAGPTAVTTSRRNFPRQYLHYHRAGHGAVTSPQTQRGYTALVLSKISRMLGASGIHVGTMGYGKMESEKSDKDIVYMLERDIAQGPYYKQDWAGMLPTTGIISGGMNAVRMVGFFENLTHANVIMTCGGGSYGHVDGPAEGATSCRQAWLCWKAGEDPIEYAKKHRQYARAFISFPGDADKLFPNWRTELKGLHDITGEEGKVVA,C(=O)=O,8.2
18,MALDQSSRYSDLSLKEEDLIAGGRHILCAYKMKPKAGHGYLEAAAHFAAESSTGTNVEVCTTDEFTKGVDALVYHIDEANEDMRIAYPIELFDRNITDGRMMMVSFLTLTIGNNQGMGDIEYAKMIDFYMPKRAIELFDGPAKDISDLWRILGRPIVDGGYIAGTIIKPKLGLRPEPFAEAAYQFWLGGDFIKNDEPQGNQVFAPLKKVIPLVADAMKRAQDETGEAKLFSANITADDHSEMIARGEYILETFGEFADHVAFLVDGYVGGPGMITTARRWFPNQYLHYHRAGHGAVTSPSSKRGYTAFVLAKMSRLQGASGIHVGTMGYGKMEGDADDRVIAYMIERDSVDGPVYHQEWYGMKPTTPIISGGMNALRLPGFFENLGHGNVINTAGGGSYGHIDSPAAGAISLRQAYECWKAGADPIEWAKEHKEFARAFESFPHDADALYPGWREKLGVSAAHK,C(=O)=O,8.1
19,MDQSKRYCNLALNEAELMAQGRHVLCAYIFKPKAGYEPIATAAHFAAESSTGTNVEVCTTDDFTRGVDALVYEVTEQANGDHLMKIAYPNDLFDRNLIDGRAMIVSFLTLTIGNNQGMSDVEYAKMHDFWMPPAMLQLFDGPAMNIADMWRVLGRPQVNGGMVVGTIIKPKLGLRPKPFADACHQFWLGGDFIKNDEPQGNQVFAPMREVIPLVADALRRAQDETGEAKLFSANITADDPFEMIKRGEMILETFGENANRVAFLVDGYVGGPSAITLARRYFPNQFLHYHRAGHGAVTSKQSKRGYSVLTHMKMARLQGASGIHTGTMGYGKMEGDKDEKMVAYMLERDVADGLYFRQDWQGIKATTPIISGGMNALRLPGFFDNLGHSNVIQTSGGGAFGHKAGGTVGAKSLRLAHEAWVRGINLVDFAQEHPELKGAFESFPQDADALYPGWRDKLKVR,C(=O)=O,8.0
20,MDQSNRYARLDLDEKALIAGGRHVLCAYTMKPKGDGDYLATAAHFAAESSTGTNVEVHTTDDFTKGVDALVYEIDPGNEVMKIAYPVELFDRNIIDGRAMLASFLTLTIGNNQGMGDVAHAKMRDFYVPPAYLRLFDGPAMNIADMWRVLGRSVTDGGMVVGTIIKPKLGLRPQPFADACYEFWLGGDFIKNDEPQGNQVFAPLKETIRLVSDAMKRAQDKTGEAKLFSANITADDHYEMLARGEYILETFGENADHVAFLVDGYVAGPAAITTARRAFPHQFLHYHRAGHGAVTSPESQRGYTAFVLSKMSRLQGASGIHTGTMGFGKMEGDPSDRIMAFMLTEDVADGPFYRQDWLGMKPTTPIISGGMNALRLPGFFDNLGHSNVIQTSGGGAFGHLDGGTAGAISLHQAHDAWKAGVNLVDYAKEHRELARAFESFPFDADKLFPGWREKLGETEAAE,C(=O)=O,7.9
21,MDQSNRYADLSLDEAELIRGGNHILCAYKLKPKAGTGFLEAAAHFAAESSTGTNVEVSTTDDFTKGVDALVYHIDEATEEVRIAYPLELFDRNIIDGRMMLVSFLTLTIGNNQGMGDIDHAKMYDFYVPRRAIELFDGPAVNIGELWRILGRPVVDGGYIAGTIIKPKLGLRPEPFAQAAYDFWLGGDFIKNDEPQGNQVFAPLRKTIPLVYDAMKRAMDETGEAKLFSANITADDHAEMIARGEFILQAFGPDADKVAFLVDGFVGGPGMVTTVRRYFPRQFLHFHRAGHGMVTSPSSKRGYTAYVLAKMSRLQGASGIHVGTMGYGKMEGAKDDRNIAYIIEREEYQGPAYFQKWYGMKQTTPIVSGGMNALRLPGFFSNLGHANVINTAGGGSYGHLDGPAAGARSLRQAHDCWAAGADPIEWAKDHREFARAFESFPKDADQIFPGWRAKLLG,C(=O)=O,7.7
22,MDQSNRYADLSLKEDDLIAGGQHILCAYKMKPKAGYGYLEAAAHFAAESSTGTNVEVCTTDEFTKGVDALVYHIDEATEEMRIAYPIDLFDRNVIDGRMMIVSFLTLTIGNNQGMGDIEHAKMYDFYVPRRAIELFDGPSVDISNLWRILGRPMQDGGYIAGTIIKPKLGLRPEPFAAAAYQFWLGGDFIKNDEPQGNQVFCPMKQVIPLVRDAMKRAMDETGQAKIFSANITADDHGEMIARGEYILEAFGPDADKVAFLVDGYVGGPGMVTTARRYFSRQYLHYHRAGHGAVTSPSSKRGYTAYVLAKMSRLQGASGIHVGTMGYGKMEGDKDDRAIAYIIERDSYTGPAYHQEWYGMKPTTPIISGGMNALRLPGFFENLGHGNVINTAGGGSYGHIDSPAAGAKSLRQAYECWKAKADPIEWAKEHPEFARAFASFPNDADQIYPGWRDKLGVHK,C(=O)=O,7.6
23,MDQSNRYARIELDEATLIAEGKHVLCAYKMKPKEGFDGYLATAAHFAAESSTGTNVEVSTTDDFTRGVDALVYEIDEANEVMKIAYPIELFDRNIIDGRAMLASFLTLTIGNNQGMGDVEYAKMHDFYVPPAYLRLFDGPAMNIQDMWRVLGRDVNDGGMVVGTIIKPKLGLRPQPFADACYEFWLGGDFIKNDEPQGNQTFAPLKETIALVADAMKRAQDATGEAKLFSANITADDPAEMIARGEYILETFGPDADHVAFLVDGYVAGPTAVTACRRNFPGQFLHYHRAGHGAVTSPQSKRGYTAFVHCKMSRLSGASGIHTGTMGYGKMEGDASDKAIAFMLERDEAEGPFYKQGWQGMKATTPIISGGMNALRLPGFFDNLGHSNVIQTSGGGAFGHVDGGTAGAKSLKQAHDAWKSGVNLIDYAKEHRELARAFESFQKDADTLYPGWREKLGVPAAAE,C(=O)=O,7.5
24,MDQSKRYARLDLREEDLISGGRHVLTAYRMKPKQGYGYLETAAHFAAESSTGTNVEVSTTDDFTRGVDALVYWIDEANELMKIAYPIDLFDRNILDGRAMMVSFLTLAIGNNQGMGDVEYAKMLDFYFPPAYLRLFDGPTKNIADLWRVLGRPVVNGGFIQGTIIKPKLGLRAIPFAKACYEYWAAGGDFIKNDEPQGNQVFAPLQKVIPLVADAMKRAMDETGEAKLFSANITADDPAEIIARGEFILREFGEHADHVAFLIDGYLAGTTGVTTARRNFPDQFIHYHRAGHGAITSPQSKRGYTSFVLSKMARLQGASGIHTGTMGFGKMEGDPEDRILAYMLEGDSVDGPFFHQEWLGMKACTPIISGGMNALRLPAFFDNLGHANIIQTSGGGSFGHRDGVKAGVASIRQAVEAWQKGISLLDYAGDHQELAAAFHSFPGDADVMFPGWREKLR,C(=O)=O,7.4
25,MDQSARYADLSLKEEDLIKGGKHILVAYKMKPKSGHGYLEAAAHFAAESSTGTNVEVSTTDEFTKGVDALVYLIDEATEDMRIAYPLDLFDRNVTDGRMMIVSFLTLAIGNNQGMGDIEHAKMIDIYFPERAIQLFDGPSKDISDLWRILGRPIQNGGYIAGTIIKPKLGLRPEPFANAAYQFWLGGDFIKNDEPQGNQVFSPLKKTIPLVYDAMKRAQDETGQAKLFSMNITADDHYEMCARADFALETFGPDADKLAFLVDGFVGGPGMITTARRQYPNQYLHYHRAGHGMITSPSAKRGYTAFVLAKISRLQGASGIHVGTMGYGKMEGDATDKGIAYMIERDECQGPVYFQKWYGMKPTTPIISGGMNALRLPGFFENLGHGNVINTSGGGSYGHIDSPAAGAISLRQSYECWKSGADPIEFAKEHKEFARAFESFPNDADKLYPGWREKLGVHK,C(=O)=O,7.3
26,MDQSKRYCNFALKEDELIAAGRHVLCAYIIKPKAGYEPISTAAHFAAESSTGTNVEVCTTDDFTRGVDALVYEVTEQTGGEYLMKIAYPNELFDRNVIDGRAMIVSFLTLTIGNNQGMSDVDYAKMHDFHVPREMMMLFDGPAMNITDMWRVLGRPQVNGGMVVGTIIKPKLGLRPKPFADACHQFWLGGDFIKNDEPQGNQVFAPLKDTITLVADAMERAQQETGEAKIFSANITADDPFEMIRRGELILEIFGKNASHVAFLVDGYVGGPSAITTCRRYFPGQFLHYHRAGHGAVTSKQSKRGYNVLTHMKMARLQGASGIHTGTMGYGKMEGDKNEKMVAYMLERDEADGVYYRQDWHGMKATTPIISGGMNALRLPGFFDNLGHSNVIQTSGGGAFGHKDGGTVGAKSLRLAHEAWLRGVNLVDFALEHPELKGAFESFQADADNIYPGWREKLKVR,C(=O)=O,7.3
27,MDQSNRYADLSLKEADLIAGGKHVLVAYKMAPNPGHTYLEAAAHFAAESSTGTNVEVSTTDDFTKGVDALVYLIDEATEDMRIAFPLELFDRNVTDGRMMMVSFLTCAIGNNQGMGDIKHAKMIDFYMPPRAIQLFDGPSKGIEDMWRILGRPVKDGGYISGTIIKPKLGLRPEPFAKAAYQFWLGGDFIKNDEPQGNQTFCPLKKVLPLVYDSMKRAQDETGDAKLFSMNITADDHYEMCARADMALEIFGPDADKLAFLVDGFVGGPGMITTARRQYADQFLHYHRAGHGMVTSPSAKRGYTAFVLAKMSRLQGASGIHVGTMGYGKMEGEGDDKIIAYMIERDECQGPIYFQKWYGMKPTAPIVSGGMNALRLPGFFKNLGHGNVINTAGGGSYGHIDSPAAGAISLRQAYNCWKEGADPIQYAKEHKEFARAFESFPKDSDKLFPGWREKLGVHK,C(=O)=O,7.3
28,MALDQTNRYSDLSLKEDELIASGDYVLCAYLMKPKSGYGYLEAAAHFAAESSTGTNVEVSTTDDFTKGVDALVYEIDEAKELMKIAYPVDLFDINIIDGRAMLASFLTLTIGNNQGMGDIEYAKMLDFYMPPKYLRLYDGPAVNIQDMWRILGRPIENGGYIAGTIIKPKLGLRPEPFAEAAYQFWLGGDFIKNDEPQGNQPFSPMKKTIPLVADAMRRAQDETGEAKLFSANITADDPAEMIARGEFVLETFGFEASQVAFLVDGYVAGPTAVATARRNFPNQFLHFHRAGHGAVTSPQSKRGYTAFVHIKMTRLLGASGMHVGTMGYGKMEGEASDKLIAYMIERDSADGPFYHQEWAGMKPTTPIISGGMNALRLPGFFENLGHGNVINTAGGGAYGHIDSPAAGAVSLRQAYECWKEGADPVEYAKEHKEFARAFESFPHDADAIFPGWRDKLGVHK,C(=O)=O,7.2
29,MDQSDRYANLGLKEADLMAGGRHVLVAYIMKPKAGFGGFLETAAHFAAESSTGTNVEVSTTDDFTRGVDALVYEINEATGLMKIAYPVELFDHNITDGRAMICSFLTLTIGNNQGMGDVEYAKMHDFWVPPVYLNAFDGPSTTIADLWRVLGRPHVNGGFIVGTIIKPKLGLRPKPFADACYDFWLGGDFIKNDEPQGNQIFAPMRETVKLVSDAMKRAQDKTGMAKLFSFNITADDHYEMVARGEYILEVFGENARHVAFLVDGYVTGPAAITTARRRFPDQYLHYHRAGHGAVTSPQSMRGYTAFVLSKMARLQGASGIHTGTMSFGKMEGEASDKLMAFMITDDVAMGPYFKQEWNGMNPTTPIISGGMNALRMPGFFKNLGHSNLILTAGGGAFGHIDGAIAGATSLRQAEQCWKSGADPIEFAKSHREFARAFESFPGDADKLYPGWRKALGV,C(=O)=O,7.2
30,MDQSNRYADLSLTEAELIAGGQHILCAYKMKPKAGHRYLEAAAHFAAESSTGTNVEVCTTDEFTKGVDALVYHIDEASEDMRIAYPLDLFDRNMTDGRMMMASFLTLTIGNNQGMGDIEHAKMVDFYVPRRGIELFDGPSKDISDLWRMLGRPVKDGGYIAGTIIKPKLGLRPEPFARAAYEFWLGGDFIKNDEPQGNQVFAPLKKVIPLVYDSMKRAMDETGEAKLFSMNITADDHFEMCARADFALEAFGPDADKLAFLVDGYVGGPGMITTARRQYPNQYLHYHRAGHGAVTSPSSKRGYTAYVLAKMSRLQGASGIHVGTMGYGKMEGDKDDRACAYIIERDSYTGPVYHQEWYGMKPTTPIISGGMNALRLPGFFENLGHGNVINTAGGGAYGHIDSPAAGARSLRQAYDCWKAGADPVEWARDHYEFARAFESFPQDADQLYPGWRHKLRPAA,C(=O)=O,7.2
31,MALDQSARYSDLSLTEADLIAGGKHILVAYRMKPKAGYGYLEAAAHFAAESSTGTNVEVCTTDDFTKGVDALVYYIDEAQEDMRIAYPLELFDRNMTDGRMMIVSFLTLVIGNNQGMGDIEYGQIQDFYVPERAIQLFDGPAKDISDMWRILGRPIKDGGYIAGTIIKPKLGLRPEPFAAAAYQFWLGGDFIKNDEPQGNQVFCPAKKVYPLVYDSLKRAQDETGQAKLFSANITADDHYEMCARADFILETFGPDADKVAFLVDGFVGGPGMITTARRQYPNQYLHYHRAGHGMITSPSSRRGYTAFVLAKISRLQGASGIHVGTMGYGKMEGGADDKIIAYMIERDECQGPVYYQKWYGMKPTTPIISGGMNALRLPGFFENLGHGNVINTAGGGAYGHIDSPAAGAISLRQSYECWKAGADPIEFAKEHKEFARAFASFPGDADKLFPGWRDKLGAAVAHK,C(=O)=O,7.1
32,MDQSNRYADLSLKEEDLIKGGKHILVAYKMKPKAGYGYLESAAHFAAESSTGTNVETSTTDDFTKGVDALVYSIDEATEDMRIAYPLDLFDRNMTDGRMMMVSILTLIIGNNQGMGDIEYGKIHDIFIPERAIQLFDGPAKDISDLWRILGRPLKDGGYIAGTIIKPKLGLRPEPFAKAAYQFWLGGDFIKNDEPQGNQVFCPARKVYPLVYDAMKRAMDETGQAKIFSANISADDHYEMLHRADFILETFGPDADKVAFLVDGFVGGPGMITTARRQYPNQYLHYHRAGHGMITSPSAKRGYTALVLGKIARLQGASGIHVGTMGFGKMEGESSDKNICYMLERDECQGPVYYQKWYGMKPTTSIISGGMNALRLPGFFENLGHGNVINTAGGGSYGHIDSPAAGALSLRQAYECWKAGADPIEWAREHQEFARAFESFPGDADRLYPGWREKLGVHR,C(=O)=O,7.1
33,MDQSARYTDLSLREDDLIAGGKHILCAYAMRPKSGSFLEAAAHFAAESSTGTNVDVSTTDDFTRGVDAIVYHADEATEEVRIAYPLDLFDRNMIDGRMMMVSFLTLTIGNNQGMGDIEYAKMFDFYVPRAAISLFDGPAMGIADLWRVLGRPVTDGGYIAGTIIKPKLGLRPEPFARAAYEFWLGGDFIKNDEPQGNQVFAPMKQTIPLVYDAMKRAMDDTGEAKLFSANITADDHAEMIARGEFILETFGPDADKVAFLVDGYVGGPGAVTTARRYFARQYLHFHRAGHGAVTSPSSKRGYTAYVLAKMARLQGASGIHVGTMGYGKMEGARDDRAIAYICERDQYQGPAFHQEWHGMRPTTPIVSGGMNALRLPGFFANLGHANIINTAGGGAYGHLDGAAAGGRSLRQAHECWAAGADPVEWATGHREFARAFESFPADADALYPGWRQALGVDR,C(=O)=O,7.0
34,MDQSNRYADLGLKEEDLIKGGHHILVAYKMAPRTGLGYLEAAAHFAAESSTGTNVEVSTTDDFTKGVDALVYYIDEATEDMRIAYPLDLFDRNVTDGRFMLVSFLTLVIGNNQGMGDIAHAKMIDFYMPDRVIQMFDGPGKGIADLWRILGRPVVNGGFIAGTIIKPKLGLRPEPFAQAAYQFWLGGDFIKNDEPQGNQVFAPIKKTLPLVYDAMKRAQDETGQAKLFSMNITADDHYEMCARADFALETFGPDADKLAFLVDGFVGGPGMITTARRQYPNQYLHYHRAGHGMITSPSAKRGYTAFVLAKMSRLQGASGIHVGTMGYGKMEGEGDDRIIAYMIERDECQGPVYFQKWHGMKPTTPIISGGMNALRLPGFFENLGHGNVINTAGGGAYGHIDSPAAGAVSLRQAYECWKAKADPIEWAREHSEFARAFESFPKDADLLFPGWRDKLATHR,C(=O)=O,7.0
35,MDQSNRYANLNLNEQTLVDEGKHVLCAYIMKPKEGYEYISTAAHFAAESSTGTNVEVSTTDSFTRSVDAIVYEADETFEVVKVAYPIELFDRNMIDGRAMIASFLTLTIGNNQGMGDVEYAKMYDFYFPPNFLKLFDGPSTTIADLWRVLGRPANNGGFIVGTIVKPKLGLRPQPFANACYDFWLGGDFIKNDEPQGNQPFAPLKETITAVADAMRRAQDETGEAKLFSANITADDYHEMLARGEFILETFGENADHVAFLVDGYVCGPQAITTARRTFPNQYLHYHRAGHGAVTSPQSKRGYTAFVLAKMARLQGASGIHTGTMGYGKMEGERGDKDMAYMITEDRAKGPFYHQEWLGMNPTTPIISGGMNALRIPGFFQNLGHSNLILTAGGGAYGHIDGPAAGAKSLRQAEQCWKAGADPVEFALDHPEFARAFESFEQDAEELYPNWRNKLGVAA,C(=O)=O,6.9
36,MAHDQSSRYANLDLKESDLIAGGKHILVAYKMKPKAGYDYLATAAHFAAESSTGTNVEVSTTDDFTKGVDALVYYIDEATEDMRIAYPIELFDRNVIDGRFMIVSFLTLVIGNNQGMGDVEYGKMIDFYVPERAIQMFDGPATDISNLWRILGRPIKDGGYIAGTIIKPKLGLRPEPFAQAAYQFWLGGDFIKNDEPQGNQVFAPVKKVIPLVYDAMKRAQDETGEAKLFSMNITADDYHEMCARADFALEVFGPDADKLAFLVDGYVGGPGMVTTARRQYPNQYLHYHRAGHGAITSPSSKRGYTAFVLAKMSRLQGASGIHVGTMGYGKMEGEGDDRNIAYMIERDECQGPVYFQKWYGMKPTTPIISGGMNALRLPGFFENLGHGNVINTAGGGSYGHIDSPAAGAKSLRQAYECWKAGADPIEYAKEHKEFARAFESFPGDADKLFPGWRDKLGVHK,C(=O)=O,6.8
37,MDQSSRYADLSLREEDLIAGGKHILVAYKMKPKAGYGYLASAAHFAAESSTGTNVEVSTTDDFTKGVDALVYHIDEATEDMRIAYPMDLFDRNILDGRMMIVSFLTLAIGNNQGMGDIAHAKMIDIFFPPRAIQLFDGPARDISDLWRILGRPIKDGGYIAGTIIKPKLGLRPEPFAEAAYQFWLGGDFIKNDEPQGNQVFSPLKKTIPLVADAMKRAMDKTGQPKLFSANITADDHYEMCARADYILGIFGPDADKVAFLVDGFVGGPGMITTARRQYPGQYLHYHRAGHGMITSPSALRGYTAFVLAKISRLQGASGIHVGTMGYGKMEGENDDRNIAYMIERDECQGPVYYQKWYGMKPTTPIISGGMNALRLPGFFENLGHGNVINTAGGGAYGHIDSPAAGAISLRQAYECWKAKADPIEWAKEHKEFAGAFASFPQDADQLYPGWRDKIGAHR,C(=O)=O,6.8
38,MDQSSRYVNLALKEEDLIAGGEHVLCAYIMKPKAGYGYVATAAHFAAESSTGTNVEVCTTDDFTRGVDALVYEVDEARELTKIAYPVALFDRNITDGKAMIASFLTLTMGNNQGMGDVEYAKMHDFYVPEAYRALFDGPSVNISALWKVLGRPEVDGGLVVGTIIKPKLGLRPKPFAEACHAFWLGGDFIKNDEPQGNQPFAPLRDTIALVADAMRRAQDETGEAKLFSANITADDPFEIIARGEYVLETFGENASHVALLVDGYVAGAAAITTARRRFPDNFLHYHRAGHGAVTSPQSKRGYTAFVHCKMARLQGASGIHTGTMGFGKMEGESSDRAIAYMLTQDEAQGPFYRQSWGGMKACTPIISGGMNALRMPGFFENLGNANVILTAGGGAFGHIDGPVAGARSLRQAWQAWRDGVPVLDYAREHKELARAFESFPGDADQIYPGWRKALGVEDTRSALPA,C(=O)=O,6.6
39,MDQSARYANLNLKEADLIAGGKHVLCAYTMKPKRGHGPYLAAAAHFAAESSTGTNVEVSTTDDFTRGVDALVYEIDEANEIMKIAYPVELFDRNIIDGRAMIASFLTLTIGNNQGMGDIEYGKMHDFYVPPAYLKLFDGPSTGIKDMWRVLGRPVVDGGFIVGTIIKPKLGLRPEPFAKACYDFWLGGDFIKNDEPQGNQVFAPFKEMVRLVNDAMVRVQDKTGAAKLFSFNITADDHYEMIARGEYILETFGPNADHVAFLVDGYVAGPAAVTTARRAFPKQYLHYHRAGHGAVTSPSSKRGYTAFVLSKMARLQGASGIHTGTMGFGKMEGDASDRNIAFMLTDDSADGPFYHQEWLGLNPTTPIISGGMNALRMPGFFKNLGHSNLIMTAGGGAFGHLDGGAKGAVSLRQAEQCWKSGLDPVEFAKDHIEFARAFHSFPQDADALYPGWREKLAFAAK,C(=O)=O,6.6
40,MDQSNRYADLSLKEEDLIAGGKHLLVAYKLIPAEGYGFLEVAAHVAAESSTGTNVEVSTTDDFTRGVDALVYEIDETAFGDHPVTGGGLMKIAYPVDLFDPNLIDGHFNVSHMWSLILGNNQGMGDHNGLRMLDFMVPEVMIKNFDGPSTGISDMWKVLGRPEVDGGYISGTIIKPKLGLRPEPFVKACYQFWLGGDFIKNDEPQANQPFCPMETVIPMVAETMDRVQQETGEAKIFSANATADFHGECIKRGEFILESFAKYGNEKHVAFLIDGFVTGPAGVTTARRAFPDTFLHFHRAGHGAVTSYKSPMGMDPLCYMKISRLSGASGIHTGTMGYGKMEGHGNETVLAYMLERDECMGHYFNQKWYGMKPTAPIISGGMNALRLPGFFENLGHGNVINTCGGGSFGHIDSPAAGAKSLSQAYECWTSGTDPIEYAKTHNEFARAFDSFPGDADKIYGDDWREKIGAHK,C(=O)=O,6.6
41,MDQSNRYANLNLKESELIAGGRHVLCAYIMKPKAGFGNFIQTAAHFAAESSTGTNVEVSTTDDFTRGVDALVYEVDEANSLMKIAYPIELFDRNVIDGRAMIASFLTLTIGNNQGMGDVEYAKMYDFYVPPAYLKLFDGPSTTIKDLWRVLGRPVINGGFIVGTIIKPKLGLRPQPFANACYDFWLGGDFIKNDEPQGNQVFAPFKDTVRAVADAMRRAQDKTGEAKLFSFNITADDHYEMLARGEFILETFADNADHIAFLVDGYVAGPAAVTTARRAFPKQYLHYHRAGHGAVTSPQSKRGYTAFVLSKMARLQGASGIHTGTMGFGKMEGEAADRAIAYMITEDAADGPYFHQEWLGMNPTTPIISGGMNALRMPGFFDNLGHSNLIMTAGGGAFGHVDGGAAGAKSLRQAEQCWKQGADPVEFAKDHREFARAFESFAHDADKLYPNWRAKLKPQAA,C(=O)=O,6.4
42,MDQSNRYARLDLNEDELMAGGKHVLVAYIMKPKAGYGFLETAAHFAAESSTGTNVEVSTTDDFTRGVDALVYDIDESTGLMKIAYPVELFDRNIIDGRAMLVSFLTLCIGNNQGMGDVEYAKMHDFWVPPAFLRLFDGPAMNIADMWRVLGRPVTDGGMVVGTIIKPKLGLRPKPFADACYDFWLGGDFIKNDEPQGNQVFAPLKETIRLVADAMKRAQDETGQAKLFSANITADDHYEMLARGEYILETFGENADHVAFLVDGYVAGPAAITTCRRAFPRQFLHYHRAGHGAVTSPQSMRGYTAFVLSKMSRLQGASGIHTGTMGFGKMEGEAADKIMAYMLTDDAAMGPYFHQEWQGMKATTPIISGGMNALRLPGFFDNLGHSNVIQTSGGGAFGHVDGGTAGATSLRQAEQCWREGADPIEFAKSHREFARAFESFPQDADKLYPGWREALGVA,C(=O)=O,6.4
43,MDQSKRYVNLALSEADLIKGGRHVLCAYRMRPRPGHGYVETAAHFAAESSTGTNVEVCTTDDFTRGVDALVYEVDEAEGLMKIAYPVDLFDRNIIDGKAMIASFLTLTVGNNQGMSDVENAKMEDFYVPPEFLKLFDGPACNISHMWKVLGRPEVNGGMVVGTIIKPKLGLRPKPFADACHQFWLGGDFIKNDEPQGNQVFAPLKETMRLVADAMRRAQDETGVPKLLSANITADDPAEMIARGNFILETFGENASHVAFLVDGFVAGPTAVTTCRRNFPDTFLHYHRAGHGAITSRQSKRGYTVLVHMKMARLLGASGIHTGTMGYGKMEGAPDEKMVAYMLERQIAEGPYYRQDWGGMASCTPIISGGMSALRLPGFFDNLGHSNVIQTSGGGAFGHKDGAIAGALSLRQAHEAWLKKIDLVDYAQTHAELRGAFESFASDADRLYPGWRDRLRIAA,C(=O)=O,6.3
44,MALDQTSRYADLSLNEDKLIADGNHILVAYTMEPAAGHGYLATAAHFAAESSTGTNVEVSTTDDFTKGVDALVYEIDEANGIMKIAYPNELFDRNVTDGRIMLVSFLTLAIGNNQGMGDVKSAQMQDFYVPPKMLQLFDGPSKDISDMWRILGRPVKDGGYIAGTIIKPKLGLRPEPFASAAYQFWLGGDFIKNDEPQGNQVFCPMKKVMPLVADAMKRAQDETGQAKLFSANITADDHYEMLARADYILETFGENASHVAFLVDGYVGGPGMITTARRQYPNQYLHYHRAGHGAVTSPSSKRGYTAFVLAKMARLQGASGIHVGTMGYGKMEGSRDDKVIAYMIERDSCDGPFYHQEWYGMKPTTPIISGGMNALRLPGFFENLGHGNVINTSGGGSYGHIDSPAAGAISLRQAYECWKEGADPVEYAKEHKEFARAFESFPQDADQIFPGWRDRLGVHK,C(=O)=O,6.2
45,MDQSKRYANLDLEEKDLIAKGRHVLVAYIMKPKAGHGYLETAAHFAAESSTGTNVEVSTTDDFTRGVDALVYEIDEARELTKIAYPVELFDRNIIDGRAMLASFLTLTIGNNQGMGDVEYAKMHDFYVPPAYLRLFDGPSTTIADLWRVLDRPVVDGGFIVGTIIKPKLGLRPQPFADACYDFWLGGDFIKNDEPQGNQVFSPLKETVRRVADAMKRAQDKTGEAKLFSWNITADDYREMIARGEYILETFGPDADHIAFLVDGYVAGPQAITTARRHFPKQYLHFHRAGHGAVTSPSAKRGYTGFILAKMARLQGASGIHVGTMGYGKMEGDKGDTVIAHMITEDSVTGPYFHQEWLGMNPTTPIISGGMNALRMPGFFKNLGHSNLIMTAGGGAFGHFDGPAAGAISLRQAEQCWKEGADPVAFAKEHREFARAFESFSKDADDLYPGWRKALGV,C(=O)=O,6.1
46,MDQSNRYADLSLKEEDLIKGGNHILVAYTMEPAAGVGYLEAAAHIAAESSTGTNVEVSTTDEFTKGVDALVYFIDEAKGIMKVAYPNDLFDRNLTDGRVMIVSFLTLCIGNNQGMGDIANLQMQDFYVPPRMLQLFDGPAKDISDLWRILGRPVKDGGYISGTIIKPKLGLRPEPFAKAAYQFWLGGDFIKNDEPQGNQVFCPIKKVLPLVYDSLKRAQDETGQAKLFSMNITADDHYEMCARADFALETFGPDADKVAFLVDGFVGGPGMITTARRQYPSQYLHYHRAGHGMVTSPSSKRGYTAFVLAKMSRLQGASGIHVGTMGYGKMEGGKDDRIIAYMIERDSCTGPLYHQEWYGMKPTTPIISGGMNALRLPGFFENLGHGNVINTAGGGSYGHIDSPAAGAVSLRQAYDCWKAGADPIQWAKEHKEFARAFESFPKDADKLFPGWREKLGVHK,C(=O)=O,6.1
47,MDQSARYSDLSLKEEDLIKGGRHILVAYKMKPKTGLGYLEAAAHFAAESSTGTNVEVSTTDDFTKGVDALVYHIDEATEDMRIAYPLELFDRNVIDGRFMMVSFLTLTIGNNQGMGDIAYAKMIDFWVPPEVVRQFDGPATNIEELWRILGRPVKDGGYIAGTIIKPKLGLRPEPFAAAAYQFWLGGDFIKNDEPQGNQVFAPIKKVLPLVYDSMKRAMDETGQAKLFSMNITADDHYEMCARADFALETFGTDANKLAFLVDGFVGGPGMITTARRQYPNQFLHYHRAGHGMITSPSAQRGYTAFILAKMARLQGASGIHVGTMGYGKMEGAGDDKVIAYMIERDECQGPVYFQKWDGIKATTPIISGGMNALRLPGFFENLGHGNVINTAGGGAYGHIDSPAAGAKSLRQAYDCWKAGADPIQWAKEHKEFARAFESFPGDADKLFPGWRDKLGVHK,C(=O)=O,6.0
48,MDQSNRYADLSLKEEDLIEGGRHVLAAYRMKPMPGYDYLATAAHVAAESSTGTNVEVVTTDDFTRSVDALVYEIDEEKELMKIAYPIELFDRNVKDGRAMVVSMMTLMVGNNQGMGDVEYLKLLDFYVPHALMKLFDGPSKNIVDMWRVLGRDLDNGGMVVGTIIKPKLGLRPKPFADACYQFWLGGDFIKNDEPQGNQVFAPLKEIIPLIADAMRRAQDETGQAKLFSANITADDPFEMIRRGEFILEAFGENADHVAFLVDGFVGGPTAVTLARRYFPNQFLHYHRAGHGMVTSERSNRGYSMLCHMKWARMLGASGIHTGTMGFGKMEGKPEDKKVAYMLTEDEADGIFFRQPWWKMKATTPIISGGMNALRLPGFFENLGHANIIQTSGGGALGHKDGIVAGAKSLRQAYEAWSKGVDLVEYAKDHPELAGAFESFPHDADRLYPGWREKLGKHA,C(=O)=O,6.0
49,MLDQSSRYADLSLDEDTLIRNGKHVLVAYIMKPKAGYDYLATAAHFAAESSTGTNVNVCTTDDFTKSVDALVYYIDPDNEEMKIAYPTLLFDRNITDGRGMMCSFLTLAIGNNQGMGDVEYGKIYDFYLPPAFLRLYDGPSVNVEDMWRILGRGTTNGGLVVGTIIKPKLGLQPKPFGEACYSFWQGGDFIKNDEPQGNQVFCQMNECIPEVVKAMRACVKETGSSKLFSANITADDPEEMIARGKYIMSQFGPLSENCAFLVDGYVAGGTAVTCCRRNFPKQFLHYHRAGHGSVTSPQTQRGYTAFVHTKISRVIGASGIHVGTMSFGKMEGDASDKNIAYMLQDDEADGPYYRQEWQGMKETTPIISGGMNALRLPAFFENLGHSNVILTAGGGSFGHKDGPKIGAISCRQGEEAWKQWKAGQFGNISLSDGVIEYAKTHEEIKGAFLTFQKDADQIYPGWKEKLGYTGESSVQAASFDWAKRAS,C(=O)=O,5.9
50,MDQSNRYADLSLDEDTLIKEGKHILVTYTMEPAEGYGYLSTAAHFAAESSTGTNVEVSTTDDFTKDLDAMVYEIDENAGIMKIAYPNNLFDRNLIDGRAMVVSFLTLAIGNNQGMGDVKCAQMQDFWVPKDMLDIFDGPSKDITDMWNLLGRPRDNGGYIAGTIIKPKLGLRPKPFAEAAYQFWLGGDFIKNDEPQGNQVYCRMKDVTPLVADAMKRAQDETGEAKLFSANITADDFHEMCARADYILEAFGENAHHVAFLVDGYVGGPGMVTTARRNYPNQYLHYHRAGHGAVTSPSSVRGYTAFVLAKLSRLMGASGIHVGTMGYGKMEGGQDDRNIAYMIERDSADGPYYHQEWFGMKPTTPIISGGMNALRLPGFFENLGHGNVINTSGGGSYGHIDSPAAGATSLRQSYECWKSGSDPVEFAKDHKEFARAFESFPGDADMLYPGWREKLGVHK,C(=O)=O,5.8
51,MDQSSRYADLSLNEQDLMQGGRHILVAYKMKPKAGHGYLEAAAHFAAESSTGTNVEVSTTDDFTKGVDALVYYIDEATEDMRIAYPIDLFDRNVIDGRFMLVSFLTLAIGNNQGMGDIEHAKMIDFYMPDRVIQMFDGPSKDITDLWRILGRPVKDGGYIAGTIIKPKLGLRPEPFAKAAYQFWLGGDFIKNDEPQGNQVFCPLKKVLPLVYDSMKRAQDETGQAKLFSMNITADDHYEMLARADYALEVFGPDADKLAFLVDGYVGGPGMVTTARRQYPNQYLHYHRAGHGAVTSPSAKRGYTAFVLAKMSRLQGASGIHVGTMGYGKMEGEGDDRIIAYMIERDEAQGPVYYQKWFGMKPTTPIISGGMNALRLPGFFENLGHGNVINTAGGGAYGHIDSPAAGAISLRQSYECWKAGADPIEYAKEHKEFARAFESFPKDADKIFPGWREKLGVHK,C(=O)=O,5.7
52,MDQSKRYARLDLTEEELIKGGKHVLAAYKMKPKAGYGYLEAAAHFAAESSTGTNVEISTTDDFTRGVDALVYHIDEATEDMRIAYPIDLFDRNMLDGKTMLVSFLTLAIGNNQGMGDIEHAKMIDFYMPPEMLSLYDGPQVNIEDLWRILGRPEKDGGYIAGTIIKPKLGLRPEPFAKAAYQFWLGGDFIKNDEPQGNQVFAPMQKVIPLVVDAMRRAMDETGQAKIFSANITADWHDEMIARGEFILDAFGADADKVAFLVDGYVGGPGMVTTARRYFPNQFLHYHRAGHGAVTSPSAKRGYSAYVLAKMSRLQGASGIHVGTMGYGKMEGEKDDRDIAYIIERDSFQGPVYFQDWHGMKATTPIISGGMNALRLPGFFENLGHGNVINTAGGGSYGHIDSPAAGALSLRQAYECWKAGADPIEWAKEHPEFARAFESFPNDADSIFPGWRDKITSHR,C(=O)=O,5.6
53,MDQSKRYVNLGLREDDLIRGGRHVLCAYRMRPRAGYGYVETAAHFAAESSTGTNVEVCTTDDFTRGVDALVYHADEASGLMKIAYPVELFDRNIIDGKAMIASFLTLAVGNNQGMSDVDHAKMEDFWVPPDFLALFDGPAVNISHMWTVLGRPRENGGMVVGTIIKPKLGLRPKPFADACHQFWLGGDFIKNDEPQGNQVFAPFKETMILVADAMRRAQDETGIPKLFSANITADDPAEMIARGEFILKTFGENASHVAFLVDGFVAGPTAVTTCRRNFPGTFLHYHRAGHGAVTSRQSQRGYTVLVHMKMARLIGASGIHTGTMGYGKMEGAPDERMVAYMLERPLADGTHYRQDWGSMMACTPIISGGMNALRLPGFFDNLGHSNVIQTSGGGAFGHKDGPVAGALSLRQAHEAWQAGIDLVDYAQGHPELKAAFESFASDADRLYPGWRDRLRIAA,C(=O)=O,5.6
54,MDQSKRYAQLGLTEQSLIQGGAHVLCAYRMKPKSGHGYLATAAHFAAESSTGTNVEVCTTDDFTRGVDALVYEIDEQRELMKIAFPVDLFDRNIIDGRAMIASFLTLTIGNNQGMSDVDYAKMVDFYVPPKFLQLFDGPAANIADMWRVLGRPQSDGGMVVGTIIKPKLGLRPKPFADACYQFWLGGDFIKNDEPQGNQVFAPLKETIRLVADAMKRAQDETGQAKLFSANITADDPAEMLARGHYILETFAENASHVAFLVDGYVAGPTAVTTCRRNFPAQFLHYHRAGHGAVTSKQSKRGYTVLVHMKMARLLGASGIHTGTMGYGKMEGAPDEKDVAYMLERDVADGPHFRQDWCGMKACTPIISGGMNALRLPGFFTNLGHANVIQTSGGGAFGHKDGPVAGALSLRQAHQAWAEGIDLVDYAKAHPELKAAFESFSGDADALYPGWREKLRIA,C(=O)=O,5.5
55,MDQSNRYADLSLTEAELIKNGQHILVAYHMRPKPGHGYLEAAAHFAAESSTGTNVDVCTTDDFTRGVDALVYYINEATEDMRIAYPLDLFDRNVTDGRFMLVSFLTLVIGNNQGMGDIAHGKMIDFYVPERAIQMFDGPSKDISDLWRILGRPVKDGGFIVGTIIKPKLGLRPEPFAQAAYQFWLGGDFIKNDEPQGNQVFAPLKKTIPLVYDALKRAQDETGQAKLFSMNITADDHYEMLARADFALETFGPDADKLAFLVDGFVGGPGMVTTARRQYPNQYLHYHRAGHGMVTSPSAKRGYTAFVLAKMSRLQGASGIHVGTMGYGKMEGEGDDRMIAYMIERDECQGPIYFQKWYGMKPTTPIVSGGMNALRLPGFFQNLGHGNVVNTAGGGAYGHLDSPAAGAISLRQSYECWKSGADPVEFAKEHREFARAFESFPGDADRLFPGWRQKLGLEPKVARPARVMESI,C(=O)=O,5.4
56,MDQSNRYARLDLNEDELIKGGRHVLCAYLMKPKAGYYDFLGTAAHFAAESSTGTNVEVSTTDDFTKGVDALVYEIDEANELMKIAYPIELFDRNIKDGRAMIVSFLTLAIGNNQGMGDVEYAKMLDFYVPPAYLRLFDGPAMNIQDMWRVLGRDINNGGMVVGTIIKPKLGLRPQPFADACYQFWLGGDFIKNDEPQGNQVFAPLKKTIPLVADAMKRAQDETGEAKIFSANITSDDPFEMIARGEFILETFGENADHVAFLVDGFVGGPMAVTTCRRYFANQFLHYHRAGHGMVTSPQTQRGYNALVHMKMSRMQGASGIHTGTMGFGKMEGDPTDKLLAYMLENEEAEGLYYPQKWYGMKPTTPIISGGMNALRLPGFFDNLGHSNVIQTSGGGAFGHKDGGTAGAKSLQQARDAWMKGVDLVEYAKEHPELKGAFETFHWDADNLFPGWRESLGVSAAAHK,C(=O)=O,5.4
57,LEQSSRYADLTLDEAGSLRNGEHVLVAYIMKPKMGYDYLATAAHFAAESCTGARSTDDAKESANAVVYYIDADSQEMRIAYPTVLFDSNLTDGRDMVRSFLTLAIGNTQGMEDVEFGKIYDFYLPPSFLRLQESPSVNTMWRILDKGASNGGLAAGAMKPKLGMQPKPFRAASYALWQGGAYTTADVQANQAPTQASEGIPEVVKAMRSCVQGTDVAKRHSGGNYTDEPKEMDARGKYVLSQFGPFSGNCVSLVAGYAAGGSARHTFPRQFVHYHRAGQASTSSPQTQRGYSAFVHTKISQVISTTSIHADTMSFGKTQGDSPDKSIAVMLQDDAADARLCNQEWEGMRQNAPIISGSMNALRLPAFFETLGNSNVILTADSGSFGHKDGPASGAIACRQVEEAWKAWRSGQYGNVSLSDGVVEFAKTHEEIKGAFLTFPKDADEIYPGWKEKLGCTAEASVPPASFVNAKISTASSAAVATARTTMNAAKMASQSTAGSAVNPYTGGLKSIHPASSSNTARTVLLSRQGREAALQD,C(=O)=O,5.3
58,MDQSNRYADLSLKEEDLIAGQEHILVAYEMEPFGGHGYLETAAHIAAESSTGTNVEVSTTDDFTKGVDALVYDIDEANHMMRIAYPLALFDRNGRDGKAMIVSFLTLTIGNNQGMGDVKNLQMVDFWIPETKLYLFDGPTVDISDMWRMLGRPVENGGYIAGTIIKPKLGLRPEPFANAAYQFWLGGDFIKNDEPQGNQVFCPMKKVIPLVADAMKRAQDETGEAKLFSANITADDHYEMCYRADYILETFGEDAPKVAFLVDGYVGGPGMITTARRNYASQYLHYHRAGHGAITSPSSKRGYTAFVLAKMSRLQGASGIHVGTMGYGKMEGDASDKVIAYMIERDECQGPIFYQKWNGMKPTTPIISGGMNALRLPGFFENLGHGNVINTSGGGSYGHIDSPAAGATSLRQSYECWKAGADPIEFAKEHKEFARAFESFPGDADKIFPGWREKLGVHK,C(=O)=O,5.3
59,MDQSSRYADLSLTEEDLIKNGQHVLVAYIMKPKAGYDYLATAAHFAAESSTGTNVNVCTTDDFTKTVDALVYYIDPENEEMKIAYPTALFDRNITDGRAMMCSVLTLSIGNNQGMGDVDYGKIYDIYFPPQYLRLFDGPSCCVIDMWRILGRGTVGGGLVVGTIIKPKLGLQPKPFGQACYGFWQGGDFIKNDEPQGNQTFCQMNECIPEVVKAMRAAQEETGQGKLFSANITADDPNEMIARAKYILNQMGPMAENCAFLVDGYVAGGTAVTVARRNFPKQFLHYHRAGHGAVTSPQTQRGYTAFVHTKLSRVIGASGIHTGTMSFGKMEGDASDKNIGFMLQDDVADGPYYRQEWEGMKQTTPIISGGMNALRLPAFFENLGHSNVILTAGGGAFGHKDGPKQGAISCAQGEESWKLWKAGTYGDVSLSDGVVEYAKTHEELKGAFLTFQKDADQIYPGWKEKLGYTGESSVQAASFNWQKKELS,C(=O)=O,5.3
60,MDQSNRYARLDLTEADLIAGGRHVLVAYHMKPKAGFGGYLETAAHFAAESSTGTNVDVSTTDDFTRGVDALVYEIDPDKELMKIAYPVDLFDRNITDGRAMICSFLTLAIGNNQGMGDVEYAKMHDFYVPPAYLRLFDGPSTTIADMWRVLGRPHVDGGFVVGTIIKPKLGLRPQPFADACYDFWLGGDFIKNDEPQGNQIFAPMKETITLVADAMKRAQDVTGRAKLFSANITADDPFEMIARAEFILETFGDNADHVAFLVDGYVTGPAAITTARRQFPRQYLHYHRAGHGAVTSPQAKRGYTAFVLSKMARMQGASGIHVGTMGFGKMEGENNDRAIAYMITEDSADGPYYHQDWHGMAPTTPIISGGMNALRMPGFFENLGHSNLVMTAGGGAFGHIDGAASGAISLRQAEQCWKEGADPLEFAKDHKEFARAFESFPKDADKLYPNWRGALRINSAA,C(=O)=O,5.2
61,MDQSARYADLSLKEEDLIKGGNHILVAYKMKPKTGYGYLETAAHFAAESSTGTNVEVSTTDDFTRGVDALVYHIDEATEEMRIAYPLDLFDRNITDGRMMVVSFLTLAIGNNQGMGDVEYGKMYDFWVPPRAIQLFDGPSKDISDLWRILGRPLKDGGYIAGTIIKPKLGLRPEPFAKAAYEFWLGGDFIKNDEPQGNQVFAPLKKTIPLVVDAMKRAMDETGEAKIFSANITADDHAEMLARGEYILEQFGPDADKVAFLVDGYVGGPGMITTARRWFPNQYLHYHRAGHGAVTSPQSQRGYTAYVLAKLSRLQGASGIHVGTMGYGKMEGEKDDRAIAYIIERDSYTGPAYHQEWFGMKPTTPIISGGMNALRLPGFFENLGHGNVINTAGGGSYGHIDSPAAGARSLRQAYECWKAGADPIQWAKEHKEFARAFESFPQDADKLFPGWREKLGVHK,C(=O)=O,5.1
62,MALDQSKRYADLSLNEDELIAGGNHILCAYKMKPMAGHGYLEAAAHFAAESSTGTNVEVCTTDDFTKHVDALVYHIDEATEEMRIAYPLELFDRNMIDGRMMMVSFLTLTIGNNQGMGDIEHAKMYDFHVPPRALQLFDGPATDISNLWRILGRPVKDGGYIAGTIIKPKLGLRPEPFAEAAYSFWLGGDFIKNDEPQGNQVFCPTKKVIPLVADAMKRAQDETGQAKLFSMNVTADDHYEMCARADFVLETFGSDADKVALLVDGYVGGPGMVTTIRRQYPDQYLHYHRAGHGAITSPSSKRGYTAFVLAKMARLQGASGIHVGTMGYGKMEGDAKDKIIAYMIERDSCQGPAYHQEWLGMKPTTPIISGGMNALRLVGFFENLGHANLINTAGGGSYGHVDGPAAGARSLLQAFECWKAGANPLDWAKDHKEFARAFESFPHDADAIFPSWREKLGV,C(=O)=O,5.0
63,MDQSARYADLSLKEEDLIKGDKHILVAYHMQPATGYGYLEVAAHIAAESSTGTNVEVSTTDDFTKGVDALVYFIDEAKGVMKVAYPNDLFDRNVTDGRAMLVSFLTLAIGNNQGMGDVKHLQMQDFYVPWSMLRLYDGPAKDITDLWDILGRPRVDGGYIAGTIIKPKLGLRPEPFAKAAYQFWLGGDFIKNDEPQGNQVFCPTKKVIPLVYDAMKRAMDETGQAKLFSANITADDHYEMLARADYILEAFGPDANKVAFLVDGYVGGPGMITTARRQYPGQYLHYHRAGHGAITSPSAVRGYTAFVLAKMSRLQGASGIHVGTMGYGKMEGGRDDRNIAYMIERDSADGPYFHQEWHGMKPTTPIISGGMNALRLPGFFENLGHGNVINTSGGGSYGHIDSPAAGAISLRQSYECWKAGADPIEFAKEHKEFARAFESFPGDADKIFPGWREKLGVHK,C(=O)=O,5.0
64,MDQSNRYADLSLKEADLIAGGKHVLCAYIMKPKAGYGYLETAAHFAAESSTGTNVEVSTTDDFTRGVDALVYEVDAAGEIMKIAYPTDLFDRNITDGRAMIASFLTLCIGNNQGMGDVEYAKMHDFYMPPEYLSLYDGPATTIADLWRVLGRPEVDGGFIVGTIIKPKLGLRPQPFADAAYDFWLGGDFIKNDEPQGNQPFAPLKETITLVADALRRAQDDTGEAKLFSANITADDYHEMIARGEFILESFAENAGHVAFLVDGYVAGPQAITTARRTFPNQYLHYHRAGHGAVTSPQSKRGYTAFVLSKMARLQGASGIHTGTMSFGKMEGELGDKNMAYMIERDSADGPFFHQEWLGMKPTTPIISGGMNALRIPGFFDNLGHSNLILTAGGGSYGHLDGPAAGAVSLRQAERCWKAGADPVAFAQDHQEFARAFESFSTDADQLYPSWREALKPAA,C(=O)=O,5.0
65,MDQSGRYSDLALHEKELIEGGRHVLCAYILKPKAGHGYLATAAHFAAESSTGTNVEVCTTDDFTRGVDALVYEIDEAREITKIAYPIELFDRNITDGRAMLASFLTMTIGNNQGMGDVEYAKMHDFYIPPAYLQLFDGPAMNIVDLWRVLGRPMLDGGMVVGTIIKPKLGLRPQPFADACYQFWLGGDFIKNDEPQGNQVFSPLKETIRLVADAMRRAQDETGEAKLFSANITADDPFEMIARGEYILETFAENANHVAFLVDGYVAGPTAITTCRRRFPNQFLHYHRAGHGAVTSPSAKRGYTAFVHCKMSRLQGASGIHTGTMGYGKMEGAADDRRIAYMLERDSADGPFFHQQWLGMKATTPIISGGMNALRLPGFFANLGHSNVIQTSGGGAFGHIDGPIAGAASLRQAHEAWKAGVGLVEYAREHRELARAFESFPGDADGLFPGWKKALGVA,C(=O)=O,4.9
66,MQKEYINLNLKNPYSGDYLLTVYHLVPEKGTDLLDAASEVAAESSTGSNVKVTTTKFSAGLDAQVYKVDKKRSLVWIAFPWRIFDRGGNVQNILTYIAGNVFGMSNIIALKLLDVWFPKEMLKKYDGPSTSLPEARKYLKVYNRPILGTIIKPKIGLKPEEFADKAYQFWAGGGDFVKHDEPQADQDFCPYFKTVDKIRDAMNRAEDETGHAKLHSFNISGADFDTMKKRAEYIIKKMRPGSFCFLVDGITAGWTSVQTARRLWPKVFLHFHRAMHGAFTRAENPIGFTPGVLSKFARLAGASGVHTGTAGIGKMAGTAEEDIFAAYAAYQPKVKGEFFEQDWHGMKGCVSIASGGLNPLLLAPYIKAIGHVDFITTMGGGVHAHPMGTKGGATALVQACEAWQKGVSVQKYAKDHEELALAIGRYKK,C(=O)=O,4.9
67,MALDQSNRYADLSLKEEDLIKGGNHVLCAYLMKPKEGFFDYLGTAAHFAAESSTGTNVEVCTTDDFTKGVDALVYEIDEEKELMKIAYPVDLFDRNMKDGRAMIVSFLTLAIGNNQGMGDIEYGKMLDFYVPPKYLRLFDGPNKNIVDMWRVLGRPLENGGMVVGTIIKPKLGLRPEPFAKACYQFWLGGDFIKNDEPQGNQVFAPTRKIIPLIVDAMKRAQDETGEAKIFSANITADDPFEMIHRGEYILEEFGEFGDHVAFLVDGYVGGPTAITTCRRYFPNQFLHYHRAGHGAVTSQQSQRGYSVLVHMKMARMQGASGIHTGTMGYGKMEGDATEKNLAYNLERDSADGLYYHQEWAGMKATTPIISGGMNALRLPGFFDNLGHCNVIQTSGGGAFGHKDGGAAGATSLRQARDAWMQGVDVIEYAKEHEELRGAFETFTADADKIYPNWREKLGVHK,C(=O)=O,4.8
68,MDQSNRYADLSLKEEDLIAGGKHLLTAYKLKTAPGYGFLEVAAHIAAESSTGTNVEVSTTDDFTRGVDCMVYEIDETAFEDGFGLFKAAYPIELFDINITDGQYMVSQMHSLILGNNQGMGDHVGLRLMDFMVPEAMLKKFDGPNVGIKDLWKILGRPEVDGGYIAGTIIKPKLGLRPEPFAKAAYQFWLGGDFIKNDEPQGNQTFCPMKEVIPKVVDAMDRAQQETGEAKLFSANITADCYKEMIARGNYILDEFDKIGARDHVAFLVDGFVTGVHGVTTCRREFPDTFLHYHRAGHGAVTSYKSPMGMDPLCFMKLSRLMGASGIHTGTMGYGKMEGHGDERVLAYMLERDECMGHYFNQKWHGMKPTVAIISGGMNALRLPGFFENLGHGNVINTCGGGAYGHIDSPAAGAKSLSQAYDCWKSGTDPIEYAKTHNEFARAFDSFPGDADAVYGEDWREKIGSHK,C(=O)=O,4.8
69,MDQSKRYADLSLKEAELIQGGQHILAAYKMKPKSGHGYLEAAAHFAAESSTGTNVEVSTTDDFTRGVDALVYLIDEAREEMRIAYPLDLFDRNITDGRMMIVSFLTLAIGNNQGMGDIEYAKMYDFHVPRRAIELFDGPAKDISDLWRLLGRPVKDGGYIAGTIIKPKLGLRPEPFAQAAYEFWLGGDFIKNDEPQGNQVFAPMKKVMPLLYDAMKRAMDETGEAKIFSANITADDHFEMIARGEYILETFGPDADKIAFLVDGYVGGPGMVTTARRCFANQYLHYHRAGHGAVTSPQSKRGYTAYVLAKMSRLQGASGIHVGTMGYGKMEGEKDDRAIAYIIERDSYTGPAYHQEWYGMKPTTPIISGGMNALRLPGFFENLGHGNVLNTAGGGAYGHMDSPAAGARSLRQAYECWKSGADPIAYAREHHEFARAFESFPGDADKLYPGWRERLGIRQ,C(=O)=O,4.7
70,MDQSSRYANLSLRESDLIAGGRHVLCAYHLKPKAGHGYLSAAAHFAAESSTGTNVEVCTTDDFTRAVDALVYQIDEARELVKIAFPLDLFDRNITDGKAMVSSFLTLAVGNNQGMGDIEYAKLQDFYIPPAYLALFDGPALNIAHMWTVLGRPRQNGGMVVGTIVKPKLGLRPQPFADACYQFWLGGDFIKNDEPQGNQTFAPFRETHCAVADALRRAQDKTGEPKLFSANITADDPFEMLARGEYVLKTFGENADHVAFLVDGFVAGPTAVSLVRRQFPGTFLHYHRAGHGAITSPQSKRGYTAFCHLKLSRLQGASGIHTGTMGFGKMEGERTDRMIAYMLEQQAADGPYFHQPWGGMLSTTPIVSGGMNALRLPAFFSNLGHANVIQTSGGGVFGHRDGAAAGARSLRQACDAWMAGIDLVSHAMDHPELAGAFHSFADDADRLYPGWRDRLDRTAA,C(=O)=O,4.7
71,MDQSERYADLSLKEAELIAGGKHVLCAYIMKPKAGHGYLAAAAHFSAESSTGTNVEVCTTDDFTRGVDALVYEINEAEEIMKIAYPVALFDLNIIDGRAMMASFLTLTIGNNQGMSDIEYAKMHDFYFPPDYLALFDGPAMNIEDMWRVLGRPLKDGGMIAGTIIKPKLGLRPRPFADACHQFWLGGDFIKNDEPQGNQVFAPLKETIALVADAMERAQQETGAAKLFSANITADDPAEMIARGEYILKTFGDNASHVAFLVDGYVAGSTAVTTCRRNFPGQFLHYHRAGHGAVTSPQSRRGYTAFVHCKMSRLLGASGIHTGTMGFGKMEGDPSDKKIAYMLERDAADGPFYRQEWGGMKATTPIISGGMNALRLPGFFTNLGHSNVIQTSGGGAFGHIDGAVAGALSLRQSHEAWKAGVNLIDYAGDHKELARAFTSFPADADKFYPGWRKAFNIG,C(=O)=O,4.6
72,MDQSNRYADLTLSEADLMSAGNHVLVAYHMRPKTGYGYLATAAHFAAESSTGTNVDVSTTDDFTRGVDALVYEIDEANELMKIAYPVDLFDRNITDGRAMICSFLTLAIGNNQGMGDVEYAKMHDFWVPPAFLRLFDGPSTTISDLWRVLGRPHVDGGFIVGTIIKPKLGLRPKPFADACHDFWLGGDFIKNDEPQGNQTFAPLKQTIPLVADAMRRAQDATGEAKLFSANITADDHHEMLARAEFILETFAENADHVAFLVDGYVTGPAAITTARRSFPRQYLHYHRAGHGAVTSPQSMRGYTAFVLSKMARMQGASGIHTGTMGFGKMEGEAADKLMAYMITDDSADGPYFHQEWAGMGPTTPIISGGMNALRMPGFFGNLGHSNLILTAGGGAFGHIDGAAAGATSLRQAEECWKQSADPLEFAKDHKEFARAFESFPQDADALYPEWRKALRLNSAA,C(=O)=O,4.6
73,MDQSKRYADLGLGEEDLIARGQHVLVAYKMRPKAGVRYLEAAAHFAAESSTGTNVEVSTTDDFTRSLDALVYLVDEATEELRIAFPLELFDRNITDGRMMAVSFLTLVIGNNQGMGDIEHAKIYDFWVPPRAIELFDGPARNISDLWRTLGRPVMDGGFVAGTIIKPKLGLRPEPFARAAYLFWLGGDFIKNDEPQGNQVFAPLKKTIPLVRDAMRRAMDETGQAKLFSANITADDHHEMVARGEFILETFGPDADKVAFLVDGFVGGPGTVTTARRRFPNQFLHYHRAGHGMITSPRSRRGYDAYVLAKLSRLQGASGIHVGTMGYGKMEGTNDDRAIAYVIERDRYSGPAYHQEWLGMKATTPIISGGMNALRLPGFFENLGHGNVISTAGGGAYGHLDGPAAGAISLRQAYECWKAKANPIAWAKEHREFARAFESFPGDADSLYPGWRQKLGVARS,C(=O)=O,4.5
74,MDQSSRYVNLNLNEKELINAGNHVLVYYKMLPSDKYYSNPKSQNDYLAAAAHFAAESSTGTNVEVSTTDEFTKSVDAIVYDVKPAEEEMRIAYPLELFDRNIIDGRAMIVSFLTLCIGNNQGMGDIVHAKMYDFYVPPKFLALFDGPSKGIEDMWRTLGRPVKNGGFIVGTIIKPKLGLQPKPFADAAYDFWLGGDFIKNDEPQGNQVFAPMKKTIPLVVDALKKAQDKTGKAKLFSANITADDPFEIIARGEYILEQFGEYASHVAFLIDGYVGGPTAITTARRYFPNQFIHYHRAGHGAVTSPSSKRGYSAFVLSKMARLQGASGIHVGTMSFGKMEGEKDDKRIAFMIENEKAEGIVYAQEWLGMKPTTPIISGGMNALRVGGFFENMGHSNVIMTAGGGCYGHIDGASEGAESMRQAEQCWKEGADVFEFAKEHRQFARAFVSFPHDADKFYPGWRDKLKGYSD,C(=O)=O,4.3
75,MDQSNRYANLNLKEADLIAGDRHVLCAYVMKPKKGFGGYLETAAHFAAESSTGTNVEVSTTDDFTRGVDAIVYEIDEAKEIMKIAYPVELFDRNIIDGRAMIASFLTLTIGNNQGMGDVEYGKMHDFYMPPSLMRLFDGPSTTIRDLWRVLGRPVVNGGFIVGTIIKPKLGLRPKPFADACYDFWLGGDFIKNDEPQGNQVFAPFKETVNLVNDAMIRAQDKTGQPKLFSFNITADDHHEMIARGEYILETFGQNADHVAFLVDGYVAGPAAITTARRNFPKQYLHYHRAGHGAVTSPQSKRGYTAFVLSKMARLQGASGIHTGTMSFGKMEGEAEDKLMAYMITDDSADGPFYHQEWQGMNPTTPIISGGMNALRMPGFFENLGHSNLILTAGGGAFGHIDGGAAGAISLRQAEECWRAGADPVEFAKDHYEFARAFQSFPMDADKLYPRWRERLRINSAA,C(=O)=O,4.1
76,MAYDQSHRYSNLKLEEARLIAEGNHVLCTYRLQPKPGHGFLATAAHVAAESSTGTNVEVSTTDDFTRGVDALVYAIDEHALGEDGGLIKLAYPLELFDRNITDGRMMLSQFTSLIIGNNQGMADFTSLRLLDVYLPPKALLLFDGPALNISHLWRVLGRDPVDGGFVVGTIIKPKLGLRPKPFADAAYDFWMGGDFIKNDEPQGNQPFCPMREVVPLLADSMRRAQDKTGEAKLFSFNITADDPREIIARGEYILQAFGNDANHVAFLVDGFVAGPSGVATVRRHFPNVFLHYHRAGHGAITSGVNPRGYTTFVHIKLSRLLGASGIHVGTMSYGKMEGGKDDRAIAYMIERDSADGPYYHQEWHGMRATTPIISGGMNAVRAPGFFENLGHGNLIMTAGGGCYGHVDGPAAGAKSLRQAYECWKAKADPLAWAKAHREFARAFESFPNDADALYPNWRKELKLA,C(=O)=O,3.9
77,MALDQSSRYSDLSLKEEDLIAGGQHILCAYKMKPASGYGFLEVASHFAAESSTGTNVEVCTTDDFTKGVDALVYHIDEATEEMRIAYPIDLFDRNMIDGRMMLVSFLTLTIGNNQGMGDCEYAKMYDFFMPPRAIQLFDGPAKDISDLWRMLGRPVVDGGYIAGTIIKPKLGLRPEPFAEAAYQFWLGGDFIKNDEPQGNQVFCPAKKVYPLVYDAMKRAMDETGEAKLFSANITADDHAEMIARGEFILDAFGPDADKVAFLVDGYVGGPGMVTTARRYFPGQYLHYHRAGHGAVTSPSSKRGYTAYVLAKMSRLQGASGIHVGTMGYGKMEGSKDDRNIAYIIERDEYQGPAYNQKWYGMKPTTPIISGGMNALRLPGFFENLGHGNVINTAGGGSYGHIDSPAAGATSLRQAYECWKAGADPIEWAKEHKEFARAFESFPHDADAIFPGWREKLGVHK,C(=O)=O,3.8
78,MDQSNRYANLSLREEDLIAGGKHVLCAYIMKPKAGYGYLESAAHFAAESSTGTNVEVCTTDDFTRGVDALVYEIDEANELMKIAYPVDLFDRNIIDGRAMLASFLTLAIGNNQGMGDIEYAKIHDVYFPPCYLRLFDGPAMNIVDMWRVLERPLVDGGMVVGTIIKPKLGLRPEPFAAACYQFWLGGDFIKNDEPQGNQVFAPLRTIMPMIADSMRRAQDETGQAKLFSANITADDPAEMYARGEFILETFGEFADHVAFLVDGYVAGPTAVTACRRRFPQQFLHYHRAGHGAVTSPQSKRGYTAFVHCKMSRLSGASGIHTGTMGYGKMEGDADDKAIAYMLEQDDAQGPYFRQTWQGMKATTPIISGGMNALRLPGFFDNLGHSNVIQTSGGGAFGHKDGGAAGAKSLRQASLAWQQGVDLLDYAKEHPELAGAFESFPKDADALYPNWREKLKTVAA,C(=O)=O,3.8
79,MDQSNRYSDLSLKEEDLIKGGNHVLCAYIMKPKAGYGFLEVAAHVAAESSTGTNVEVSTTDEFTKGVDALVYEINEETGLVKIAYPVPLFDINIIDGRAMIASFLTLTIGNNQGMGDCEYLKMHDFYLPPKYLRLFDGPTVNIVDMWRALGRPVVDGGYIAGTIIKPKLGLRPEPFAKAAYQFWLGGDFIKNDEPQGNQPFCPLKKVIPLVVDAMNRAQDETGEAKMFSANITADDPAEMIARAEFILDAFGFNAPRVAFLVDGYVAGPTAVTVARRNFPAQFLHFHRAGHGAVTSPQSKRGYTAFVHCKMTRLIGASGMHVGTMGYGKMEGESSDKLISFMLDDDVAQGPYFKQEWQGMKATSSIISGGMNALRLPGFFANLGHGNVINTAGGGAYGHIDSPAAGAKSLRQAYDCWKEGADPIEYAKEHKEFARAFESFPKDADKLFPGWREKLGVHK,C(=O)=O,3.4
80,MDQSNRYADLSLDEDTLIKEGGHILVAYTMTPMPGFSGYLETAAHFAAESSTGTNVEVSTTDDFTKDLDAMVYEIDEAKGIMKIAYPCGLFDRNMIDGRAMIVSFLTLAIGNNQGMGDIQCSQMIDFHIPKQMLDIFDGPSKDITDLWNLLGRNRENGGYIAGTIIKPKLGLRPKPFAEAAYQFWLGGDFIKNDEPQGNQVYARMKDVMPLVADSMKRAQDETGEAKIFSANITADDHHEMIARGEYILETFGENAHHVAFLVDGYVGGCGMITTARRNFADQYLHYHRAGHGAITSPSSVRGYTAFVLAKLSRLMGASGIHVGTMGYGKMEGGADDRNIAYMIERDSADGPVYHQEWFGMKPTTPIISGGMNALRLPGFFENLGHGNVINTSGGGSYGHIDSPAAGAKSLRQAYDCWMAKADPIEFAKEHNEFARAFESFPGDADSLFPGWRDKLGVHK,C(=O)=O,3.3
81,MDQSSRYADLSLKEDELIKGGQHILCAYQMKPKSGHGYLEAAAHFAAESSTGTNVDVSTTDDFTKGVDALVYEIDEANEVMKIAYPLDLFDRNITDGRMMIVSFLTLTIGNNQGMGDIEYAKMLDFHVPPRAIQLFDGPAKDISDLWRILGRPVKDGGYIAGTIIKPKLGLRPEPFAQAAYEFWLGGDFIKNDEPQGNQVFAPLKKVIPLVVDAMRRAQDETGQPKLFSANITADDHAEMIARGEFILDAFGPDADKVAFLVDGYVGGPGMITTARRWFPNQYLHYHRAGHGAVTSPQSKRGYTALVLSKMARLQGASGIHVGTMGYGKMEGEATDKIIAYMIERDACQGPFYHQEWLGMKPTTPIISGGMNAIRLPGFFANLGHANVINTAGGGSYGHLDGAAAGARSLRQAYECWAAGADPLQWAKENRDFARAFESFPKDADALYPGWRQALGV,C(=O)=O,3.2
82,MDQSGRYANLSLKEEDLIADGNHVLCAYIMKPKAGYGYLETAAHFAAESSTGTNVDVSTTDDFTRGVDALVYEIDEAKELMKIAYPIELFDRNITDGRAMICSFLTLAIGNNQGMGDVEYAKMHDFWVPPSLLRLFDGPAATISDLWRVLGRPHVDGGFIVGTIIKPKLGLRPQPFADACYDFWLGGDFIKNDEPQGNQLFSPLKETIPLVADAMKRAQDKTGEAKLFSANITADDHYEMLARAEFILETFAEDADHVAFLVDGYVTGPAAITTARRNFPKQYLHYHRAGHGAVTSPQSMRGYTAFVLSKIARMQGASGIHTGTMSFGKMEGETSDRLMAYMITDDSADGPYFHQEWAGMNPTTPIISGGMNALRMPGFFENLGHSNLIMTAGGGAFGHIDGAAAGATSLRQAEQCWKEGADPVQFAKDHYEFARAFQSFPGDADKLYPGWREALRINSAA,C(=O)=O,3.1
83,MQEEYLNFDLDPYKDGKYMLTVFRMEPSDGEDFVGEATEVAAESSTGSNLRVSTATAFSDDLDAIVYKVDEEKKLVWMACPWRIFDRGGNVQNILTYVIGNVFGMSTLKGLKALDCWFPKEMLEHYDGPATTIQDLKAYLGIKDRPVLGTIVKPKIGLKPDEFAEVCYQFWSGGGDFVKFDEPQADQDFCPMKEVVDAIRKAMDRAEEVTGDKKVMSFNISSADFATMKERAEYIKSVMKPGSYAFLVDGITAGWSAVQTARREWPEVFLHFHRAGHGALTRPENAFGCSVPFMTKFGRLAGASAMHTGTAGIGKMAGTIDEDITAAHQALFPKSEGDFFEQDWYGMKGMCPIASGGLNPVLLKPFADAVGTTDFITTMGGGVHSHPGGTAKGATALRQACDAWVAGIDLQEYAKDHEELAQAIEFYGGKFDYTRKYLT,C(=O)=O,3.1
84,MDQSNRYADLSLRENDLISNGKHILVAYKMKPKAGHGYLEAAAHFAAESSTGTNVEVSTTDDFTKGVDALVYHIDEAADDMRIAYPLELFDRNVTDGRMMIVSFLTLVIGNNQGMGDIEHGQMIDFFMPPRAIQLFDGPAKDISDLWRILGRPVQNGGYIAGTIIKPKLGLRPEPFAAAAYQFWLGGDFIKNDEPQGNQVFAPVKKTIPLVYDAMKRAMDETGAAKLFSMNITADDHYEMCARADFALETFGPDADKLAFLVDGFVGGPGMITTARRQYPGQYLHYHRAGHGMITSPSANRGYTAFVLAKMARLQGASGIHVGTMGYGKMEGGADDRNIAYMIERDSCDGPVYHQEWYGMKPTTPIISGGMNALRLPGFFENLGHGNVINTAGGGAYGHIDSPAAGAVSLRQAYECWKAGADPIAYAREHQEFARAFESFPGDADKLYPGWREKLGVHK,C(=O)=O,3.0
85,MDQSNRYADLSLSEEELIKGGQHILCAYKMAPKDALDYLEAAAHFAAESSTGTNVEVSTTDDFTKGVDALVYHIDPATEDMRIAYPLALFDRNITDGRFMLVSFLTLAIGNNQGMGDIKHAKMVDFYVPERVIQMFDGPAKDISDLWRILGRPVKDGGYISGTIIKPKLGLRPEPFAQAAYQFWLGGDFIKNDEPQGNQVFSPIKKTIPLVYDALKRAQDETGQAKLFSMNITADDHYEMCARADFALQTFGTDADKLAFLVDGFVGGPGMITTARRQYPNQYLHYHRGGHGMVTSPSAKRGYTAFVLAKMSRLQGASGIHVGTMGHGKMEGESDDRVIAYMIERDECQGPVYFQKWYGIKPTTPIVSGGMNALRLPGFFDNLGHGNIINTAGGGSYGHIDSPAAGAISLRQAYECWKAGADPIEWAKEHREFARAFESFPGDADRLFPGWRQKLGV,C(=O)=O,3.0
86,MSAYDQTSRYVNFDLKEDQLIADGNHVLCAYIYKPANGYGNVEVAAHFAAESSTGTNVEVCTTDDFTKGVDALVYEVSDASNGDSLMKIAYPVELFDRNIIDGRAMLASFLTLCIGNNQGMGDVAYAKMHDFYVPRQYLELFDGPSKNIADFWRMLGRPTENGGMIAGTIVKPKLGLRPKPFADACYHFWLGGDFVKNDEPQGNQVFAPLKETITAVADAMRRAQDETGEAKIFSANITADDPREMIARGEFILNAFGENASRVAFLVDGYVAGPTAITTARRNFPNQFLHYHRAGHGAVTSPQAKRGYTAFVLSKMSRLQGASGIHTGTMGFGKMEGEMADKSMAYMIEREEAQGPYFKQKWYGMKATTPMISGGMNALRLPGFFDNLGHSNICQTSGGGAFGHLDGPTAGALSLRQSHDAWIQGVNLLDYAKEHNELARAFESFPGDADRFYPTWRHQLCL,C(=O)=O,2.8
87,MDQSARYADLSLNEDELIAGGGHILVAYTMTPAEGYGYLEVAAHFAAESSTGTNVEVSTTDDFTKGVDAMVYFIDEAKGIMKIAYPNDLFDRNITDGRTMIVSFLTLAIGNNQGMGDVKCAQMQDFYVPPRMLQLFDGPSKDISDMWRILGRDVNEGGYIAGTIIKPKLGLRPEPFAEAAYQFWLGGDFIKNDEPQGNQVFCPAKKVYPLVYDAMKRAQDETGEAKLFSANITADDHHEMCARADFILETFGPDADKVAFLVDGYVGGPGMVTTARRNYAGQYLHYHRAGHGAVTSPSSVRGYTAFVLAKMSRLQGASGIHVGTMGFGKMEGGADDRNIAYMIERDSADGPFYHQEWHGMKPTTPIISGGMNALRLPGFFENLGHGNVINTSGGGSYGHIDSPAAGATSLRQSYECWKQGADPIEFAKEHKEFARAFESFPGDADKIFPGWREKLGVHK,C(=O)=O,2.6
88,MSSIHEDLVRSLDSKQAAYVNLELPDPTNGEYLLGAFHLVPGGDLNILQAAAEIAAESSTGTNFKVNTETKFSKTMNALVYQLDLERNLVWVAYPWRLFDRGGNVQNILTYIVGNILGMKEISALKLLDVWFPPAMLEQYDGPGFTVDDMRKYLDVYDRPILGTIVKPKMGLTSAEYAEVCYDFWVGGGDFVKNDEPQANQDFCPYDKMVMHVKEAMDKAVKETGKKKVHSFNVSAADFDTMIERCEMIVNAGFEPGSYAFLIDGITAGWMAVQTIRRRYPNVFLHFHRAAHGAFTRPENPIGFSVLVLSKFARLAGASGIHTGTAGVGKMKGTPEEDVVAAHGIQYLSSSGHFFEQTWTKIMETDKDAIDLVHEDSAHHVILEDDSWRGMKKCCPIVSGGLNPVRLKPFIDVMGNVDFITTMGSGVHAHPEGTNAGAKALVQACDAYLKDVDIAEYAKDHKELAQAIEFFQKT,C(=O)=O,2.5
89,MSLLDQTSRYVNLELREDDLIAKGNHVLCAYVIKPKQGYTGLEVAAHFAAESSTGTNVEVCTTDEFTKGVDALVYELSDLNDGEFLMKIAYPLALFDRNITDGRAMMVSFLTLCIGNNQGMGDVEYAKMHDFYFPREYLRLFDGPAVNIVDFWRILGRPLHDGGMIVGTIIKPKLGLRPQPFAEACYRFWLGGDFVKNDEPQGNQPFAPLKETIKAVADAMRRAQDETGQAKIFSANISADDPFEMIARGEYILETFAENASQVALLVDGYLAGTTGVTTARRRFPGQFLHYHRAGHGAVTSPQSKRGYTAFVHCKMARLQGSSGIHTGTMGFGKMEGSAGDKIIAYMLERDEAQGPYFNQPWWGMKATTPMISGGMNALRLPGFFDNVGHANFCQTSGGGAFGHLDGPTAGAKSLRQAYEAWAAGTDLISYAKEHSELARAFESFTHDADAFYPGWRKQLGVKE,C(=O)=O,2.4
90,MAYDQSHRYSNLKLEEAKLIAAGNHVLCAYRIQPKPGHGFLATAAHVAAESSTGTNVEVSTTDDFTRGVDALVYSVDEQAFGDGDGLIKIAFPLGLFDRNLTDGRMMLSQFTSLIIGNNQGMADFVGLRLLDVYVPPKALTLFDGPAVNIRELWRILGRASVDGGFLVGTIIKPKLGLRPKPFADAAYDFWLGGDFIKNDEPQGNQPFCPMREVVPLMADAMRRAQDKTGEAKLFSANITADDPREIIARGEYILETFGNEANHVAFLVDGFVAGPAGVATVRRHFPSTFLHYHRAGHGAITSGVNPRGYSTFVHIKLSRLLGASGIHVGTMGYGKMEGGKEDRAIAYMIEQDSAAGPYFHQEWHGMRATTPIISGGMNAVRAPGFFDNLGHGNLIMTAGGGCYGHVDGPAAGARSLRQAYECWKAKADPLEWAQSHREFARAFESFPHDADALYPQWRKVLKVG,C(=O)=O,2.2
91,MDQSNRYADLSLKEEDLIKGQNHILVAYTMTPAAGYGYLEVAAHVCAESSTGTNVKVCTTDEFTEGLDAMVYEIDEANKTMKVAYPFGLFDRNNIDGKSMVVSFLTLSVGNNQAMGDVHQLQMVDFWIPETKLHLYDGPAQDISYLWKLLGRPRVDGGYIAGTIIKPKLGLRPEPFAKAAYQFWLGGDFIKNDEPQGNQTYAPMKTVIPLTVDAMKRAQDETGETKLFSANITADDYHEMTYRADYVLETFGELAPQVALLVDGYVGGPGMITTARRNYPSQYLHYHRAGHGAITSPLANRGYTAFVLAKLSRLMGASGIHVGTMGFGKMEGGNDDRHIAYMIERDECQGPVFYQKWEGMKPVTPIISGGMNALRLPGFFENLGHGNLINTSGGGAYGHIDSPAAGAKSLAQAFDCWKSGADPIEYAKDHNEFARAFESFPGDADKLYPNWREKLGVHK,C(=O)=O,1.7
92,MLPGRTPAAQLKLTILHIDARENNMDQSNRYADLSLREEDLIAGGKHILVAYKMKPKAGYDYLPAAAHFAAESSTGTNVEVSTTDDFTRGVDALVYQIDEASEEMRIAYPLELFDRNVTDGRMMIVSFLTLCIGNNQGMGDIEHAKIYDFHVPERALQLFDGPAKDISDLWRILGRPIRDGGYIAGTIIKPKLGLRPEPFALAAYQFWLGGDFIKNDEPQGNQVFAPMKKVMPLVYDAMKRAQDETGQAKIFSANITADDHCEMCARADYILETFGPDADKVAFLVDGYVGGPGMVTTARRQYPNQYLHYHRAGHGAVTSPSSKRGYTAYVLAKMARLQGASGIHVGTMGFGKMEGDADDRAIAYIIERDEYQGPAYYQKWYGMKPTTPIISGGMNALRLPGFFANLGHGNVINTAGGGSYGHIDSPAAGAISLRQAYECWKAGADPIEWAREHREFARAFESFPGDADMLHPGWRDRLGAHR,C(=O)=O,1.5
93,MDQSNRYADLSLKEEDLIAGQNHILVAYNMQQVAGYGYLEVAAHIAAESSTGTNVEVCTTDDFTKALDALVYEIDEANHVIKIAYPFDLFDRNGTDGKTMLVSFLTLAIGNNQGMGDVKNLQMVDFWVPETKLHLFDGPAKDISDMWRVLGRDYKNGGYIAGTIIKPKLGLRPEPFAAAAYQFWLGGDFIKNDEPQGNQVFAPMKKVMPLVVDAMKRAQDETGQAKLFSANITADDHYEMLYRADYILEAFGEFAQNVAFLVDGYVGGPGMITTARRNYPSQYLHYHRAGHGAITSPSANRGYTAFVLSKISRLQGASGIHVGTMGFGKMEGGNEDKNIAYMIERDECQGPFFYQKWNGMKPTTPIISGGMNALRLPGFFKNLGHGNIINTSGGGSYGHIDSPAAGAISLRQSYECWKQGADPIEFAKEHKEFARAFESFPADADKIYPGWREKLGVHK,C(=O)=O,1.4
94,MAFLYNQSSRYINLDLKEKELIDGGKHVLCAYIMKPKQGFGHMEVAAHFAAESSTGTNVEVCTTDDFTKSVDAIVYELSETDSGDYLMKIAYPLDLFDRNIIDGRAMMVSFLTLAIGNNQGMGDVEYAKLHDFYFPREYLQLFDGPARNIVDFWRILGRPLENGGMIVGTIIKPKLGLRPALFAEACYQFWLGGDFVKNDEPQGNQPFAPLKETMKAVSDAMKRAQDKTGEAKIFSANITADDPAEIIARGEYILEIFGENASHVAFLIDGYVAGPTAITTVRRNFPNQFLHYHRAGHGAVTSPQSKRGYTAFVLSKMARLLGASGIHTGTMGFGKMEGDPADKIMAYMLEREEAQGPYFKQKWYGFKATTPMISGGMNALRLPGFFNNLGHSNICQTSGGGAFGHIDGPTAGAISLRQAHEAWIKGIDLVEYAKGHKELARAFESFPQDADRLYPGWRDKLKTS,C(=O)=O,1.2
95,MDQSNRYAALELDEPALIARGRHVLAVYAMQPKRGTYLAAAAHFAAESSTGTNVEVCTTDDFTRGIDALVYHADADAGLMRIAFPLALFDRNVTDGKAMVASVLTLLAGNNQGMDDIAHAKLLDFYAPPDFLKAFDGPAANIETLRRVLGRGTGPILGTIIKPKLGLRPQPFAKACHDFWLGGDFIKNDEPQGNQVFAPMKETMRAVADAMARAQDETGAAKLFSANVTADDPAEILARCELILDAFGENADHVAFLVDGFVAGPTAVATVRRNHPDHFLHYHRAGHGAITSRQSRRGYTSLVLAKLARMMGASGFHTGGMGFGKMEGRPEDRAVADMLDHDLAAGPAFLQPWHGMKAATPIVSGGMNALRLPGFFDNLTHANVILTAGGGTFGHLDGAAAGARSLRAAVAAWESGTPLLDAARADRDLARAFVSFPHDADALYPGWREVVSA,C(=O)=O,1.2
96,MDQSNRYADLSLKEEDLIAGGRHILVAYKMKPKAGHGYLEAAAHFAAESSTGTNVEVSTTDEFTKGVDALVYLIDEATEEMRIAFPMDLFDRNILDGRMMIVSFLTLVIGNNQGMGDIQHAKIYDFFMPPRAIQLFDGPSKDISDMWRILGRPVKDGGYIAGTIIKPKLGLRPEPFAQAAYQFWLGGDFIKNDEPQGNQTFAPMNKVMPLVHDAMKRAMDETGEAKLFSANITADDHYEMLARGDYILRTFGPDADKVAFLVDGYVGGPGMITTARRAFPNQYLHYHRAGHGAVTSPSAKRGYDAYVLAKMSRLQGASGIHVGTMGYGKMEGTHDDRAIAYIIERDSYTGPAYHQEWYGMKPTTPIISGGMNALRLPGFFENLGHGNVINTSGGGAYGHIDSPAAGATSLRQAYECWKAKADPIEWAKEHPEFARAFASFPGDADMLFPGWRDKLASHR,C(=O)=O,1.2
97,MNSIDDLVQSLNSKQQAYVNLNLEDPENGEYLLGVFHLIPGGKMNILQAASEVAAESSTGTNFKVNTETAFSRTMNALVYKLDLDKNLVWIAYPWRLFDRGGNVQNILTYIVGNILGMKEISALKLLDVWFPPAMLEQYDGPSYTLDYMRQYLGVYDRPILGTIVKPKMGLTSAEYAEVCYDFWTGGGDFVKNDEPQANQDFCPYEKMVMHVKEAMDKAVRETGQKKVHSFNVSAADFDIMIQRCEMIRNAGFEPGSYAFLIDGITAGWMAVQTLRRRYPDVFIHYHRAGHGGFTRPENPIGFSVLVLSKFARLAGASGIHTGTAGVGKMKGTPEEDVVAAHGILYFKSKGHFFEQIWTKIMESDKDAVNIVNEDMSRHIILEDDSWRGVKKCCPIVSGGLNPVRLKPFIDVMGNVDFITTMGSGVHSHPEGTKAGAKALVQACDAYLKGIDIEEYAKDHNELAQSLEYFSKAKEGV,C(=O)=O,1.0
98,MSLTEEQLVQSLNPKQQGYVDLKLADPRNGEYLLGVFHLVPEGRLNMLQTAAEVAAESSTGTNFKVNTETPFSKVMNALVYQLDLERDLVWIAYPWRLFDRGGNVQNILTYIVGNILGMKEVKALKLMDVWFPPSMLEQYDGPSYTVDDMRKYLGVYNRPILGTIVKPKMGLTSAEYAEVCYDFWVGGGDFVKNDEPQANQDFCPYDKMVKHVKEAMDKAVKETGKKKVHSFNVSAADFDTMIKRCEMIVNAGFEPGSYAFLIDGITAGWMAVQTLRRRYPGVFIHFHRAGHGAFTRPENPLGFSVLVLSKFARLAGASGIHTGTAGVGKMKGTPQEDVVAANGILYLRSKGHFFDQSWSKIPDLDKDVIALVNEDTAHHAILEDDSWRAMKKCCPIVSGGLNPIRLKPFIDVMGNVDFITTMGSGVHAHPGGTQGGAKALVQACEAYLKNMDIEQYAKDHEELAQAIEYFSKASKDAM,C(=O)=O,1.0
99,MDQSNRYADLSLKEEDLLAGGGHVLVAYIMKPKQGYGYLEAAAHFAAESSTGTNVEVSTTDDFTKGVDALVYEIDEAKEIMKIAYPCDLFDRNITDGRAMLVSFLTLAIGNNQGMGDIEYAKIHDFYVPPAYLRLFDGPSKDISDMWRILGRPIKDGGYIAGTIIKPKLGLRPEPFAAAAYQFWLGGDFIKNDEPQGNQVFCPAKKVYPLVYDAMKRAMDETGQAKLFSANITADDHYEMLARGEFILEAFGPDADKVAFLVDGYVGGPGMVTTARRNFPNQYLHYHRAGHGAVTSPSAKRGYTAFVLAKMSRMQGASGIHVGTMGFGKMEGENDDRNIAYMIERDSADGPFFHQEWEGMKPTTPIISGGMNALRLPGFFENLGHGNVINTSGGGSYGHIDSPAAGAISLRQAYECWKAGADPIEWAKEHHEFARAFESFPGDADQIFPGWRDKLGVHK,C(=O)=O,0.8
100,MQEQYLGLGDQSVHNGQYMLTVYKVVPYGEETIESAATELAAESSSGSNLKVSTATNYSMNLDAIVYDIDHDRNLVYIAYPWLMFDRGGNIQNILTFVAGNIYGMGNLKECKLLDVWFPPQMLVQYDGPSYTLDDMRKYLNVYDTPILGTIIKPKIGLTSTEYAELCYDFWVGGGHFVKNDEPQADQQFAPFEKMVDSVRIAMDKAERETGHTKVHSFNVSAADYDTMLRRTEYIRNVMKPGSYSYLIDGITAGWMAVQTLRRHYPDVFIHFHRAGHGAFTRTENPIGFSVPVLTKFARLAGTSGVHTGTAGVGKMSGDGREDIGAAKQALKLQAKGDFFNQVWAEIPERDPDMQEMMKREEMFWGMPTRELARIRREKKLQMEVTEEHTMWRVIKKTSPIVSGGLNPVLLPEFLDVFGSIDFIVTMGGGIHSHPQGTGAGIKAVFQAYEAWMANIPLEEYSRDKEELRVAMDFYNRYGTQAHREKV,C(=O)=O,0.7
101,MNPIYADLVASLNPKQQSYVNLQLPDPYNGEYLLSVFHLVPEGKLNILQAAAETAAESSTGTNFKVNTETPFSKTMNALVYKLDLEQNLVWIAYPWRLFDRGGNIQNILTYIVGNILGIKEIKALKLLDVWFPSSMLEQYDGPSYTLDDMRKYLGVYDRPILGTIVKPKMGLTSAEYAEVCYDFWAGGGDFVKNDEPQANQDFCPYDKMVKHVKEAMDKAVKETGRNKVHSFNVSAADFDTMIERCEMIVNAGFEPGSYAFLIDGITAGWMAVQTLRRRYPGVFIHFHRAAHGAFTRPENPIGFSVLVLSKFARLAGVSGIHTGTAGVGKMKGTPEEDVVAAHGILYMRSKGHFFEQTWTKIPENDKDAMHLVSEDSAHHVILEEDSWRGVKKCCPIVSGGLNPIRLKPFIDVMGNVDFITTMGSGVHAHPGGTKDGAKALVQACDAYLNKMDIAEYAREHSELAQAIDHFTKAQKDAM,C(=O)=O,0.6
102,MSAPNNKELLNSLNPHQQAYVNLNLQNTKNGEYLLSVFRLLPGNSLNILQAASEVAAESSTGTNFKVNTETPFSREMNAIVYQVDLEKNLVWIAYPWRLFDRRGNVQNVLTYIVGNVLGIKEVSGLKLLDVWFPPSMLEQFDGPSYTLDDMRKYLNVYDRPILGTIVKPKMGLTSAEYAEVAYDFWVGGGDFVKNDEPQADQDFCPYDKMVKHVKEAMDKAVRETGKKKVHSFNVSASDFDTMITRCEMIRNSGFEPGSYAFLIDGITAGWMAVQTLRRKYPDVFIHFHRAGHGGFTRTENPFGFTVLVLSKFARLAGVSGIHTGTAGVGKMAGSPQEDVVAANNILRFNHQGHFFNQSWATVPENDKDVLKLVEEDNARHVILEDDSWRGMKKCCPIISGGLNPTLLNPFIDVMGNTDFITTMGAGCHAHPGGTKVGATALVQACEAYLKKIDIHEYAKDHKELTEAIDFFGKKQTDIHEVNP,C(=O)=O,0.6
103,MDQSSRYANLSLTEEDLIAGGRHVLCAYRMKPKSGYGYLATAAHFAAESSTGTNVEVCTTDDFTRGVDALVYEIDETREVMKIAYPVELFDRNIIDGRAMIASFLTLTIGNNQGMSDVEYAKMHDFYVPPAFLQLFDGPACNIADMWRVLGRPQVNGGMVVGTIIKPKLGLRPQPFADACHQFWLGGDFIKNDEPQGNQVFAPLKETIRLVADAMKRAQDATGQAKLFSANITADDPAEMIARGHYILETFAENANHVAFLVDGYVAGPTAVTTCRRNFPSQFLHYHRAGHGAVTSSQSKRGYSVLVHMKMARLIGASGIHTGTMGYGKMEGDATEKAVAYMLEREVADGPFYRQFWYGMKACTPIISGGMNALRLPGFFTNLGHSNVIQTSGGGAFGHKAGAVAGALSLRQAHQAWVEGVDLVDYAKDHPELKGAFESFPDDADRFYP,C(=O)=O,0.5
104,MIQEELSKTLNPKQVQYMRMDLPDPRNGEYLLAVFHLIPSGELNIMQAAAEVAAESSTGTNFAVKTETPFSRVMNALVYKVDIEKNLVWIAYPWRLFDRNGNVQNIMTYIAGNALGMKEIKALKLLDIWFPPSMLEQYDGPSYTLDDMRTYLNVHDRPILGTIIKPKMGLTSSEYAEVCYDFWVGGGDFVKNDEPQADQDFCPYDKMVKYVKMAMDKAVKETGKKKVHSFNVSSADFDTMIERCEMIREAGFEPGSYAFLIDGITAGWMAVQTLRRRYPDVFLHFHRAGHGGFTRPENPIGFSVLVLSKFARLAGASGIHTGTAGVGKMAGSPEEDVTAARNILKVEGKGHFFTQNWGRIPPQDDDAIKMVEMDDAHHVVLEDDSWRGLKKCCPIISGGLNPTLLEPFIDVMGGIDFITTMGAGCHAHPRGTRAGAMALVQACEAYKNKIDIADYAKDHRELAEAIEFFSKKKKK,C(=O)=O,0.4
